Symbol,Description,Price,Price - Currency,Price Change % 1 day,Volume 1 day,Relative Volume 1 day,Market capitalization,Market capitalization - Currency,Price to earnings ratio,"EPS diluted, Trailing 12 months","EPS diluted, Trailing 12 months - Currency","EPS diluted growth %, TTM YoY","Dividend yield %, Trailing 12 months",Sector,Analyst Rating
AAPL,Apple Inc.,226.37,USD,-0.4398117605664775,42308715,0.5517668306791594,3441760355110.7627,USD,34.46611550114953,6.5679,USD,10.375598689185782,0.431016,Electronic technology,Buy
MSFT,Microsoft Corporation,432.11,USD,0.685043222965258,13395323,0.6283414281177524,3211890398797.935,USD,36.61607816220522,11.8011,USD,21.858058920107798,0.699024,Technology services,Strong buy
NVDA,NVIDIA Corporation,123.51,USD,2.1841648051625717,284692917,0.9258201582567944,3029700368845.559,USD,57.98863796422367,2.1299,USD,414.46859903381653,0.0182014,Electronic technology,Strong buy
AMZN,"Amazon.com, Inc.",192.53,USD,-0.7372654155496013,26391043,0.6441878562085026,2020711658159.0593,USD,46.12712331392703,4.1739,USD,231.92047713717687,0,Retail trade,Strong buy
GOOG,Alphabet Inc.,162.99,USD,-0.3972133952578693,13607685,0.6870429847276084,1997364163644.009,USD,23.379473570967512,6.9715,USD,47.476307327805046,0.122219,Technology services,Buy
META,"Meta Platforms, Inc.",568.31,USD,0.8840288995792706,16542845,1.2906293021704902,1437720182489.6746,USD,29.01539325555867,19.5865,USD,128.32080200501255,0.177516,Technology services,Strong buy
LLY,Eli Lilly and Company,924.56,USD,0.01406271972999529,1805080,0.5920000041979303,878725596919.649,USD,115.49060021235401,8.0055,USD,12.950787290479141,0.544119,Health technology,Buy
TSLA,"Tesla, Inc.",257.02,USD,1.0815275101270192,65033630,0.8209580364900831,821086484484.9796,USD,72.18243603785771,3.5607,USD,1.0184975034044559,0,Consumer durables,Neutral
AVGO,Broadcom Inc.,175.52,USD,0.3889270189887936,16613331,0.44476893245878324,819779512516.3505,USD,152.78551532033427,1.1488,USD,-64.54649260870907,1.16392,Electronic technology,Strong buy
WMT,Walmart Inc.,81.4,USD,0.9049212842444577,14163775,0.7559931086108999,654313614640.7015,USD,42.292305294331584,1.9247,USD,11.19006354708261,1.00719,Retail trade,Strong buy
JPM,JP Morgan Chase & Co.,210.19,USD,-0.6616569781180611,8976520,0.859192630453272,598025177894.0508,USD,11.723857120546173,17.9284,USD,,2.07949,Finance,Buy
V,Visa Inc.,269.63,USD,-1.1547767431629803,11671257,1.306908079332534,532763775693.4857,USD,29.291052883153,9.2052,USD,18.884153428903517,0.762519,Commercial services,Buy
UNH,UnitedHealth Group Incorporated,576.31,USD,0.19471826700740463,2658893,0.8289966706914687,532175117354.46747,USD,38.10565987833906,15.124,USD,-32.335940156409386,1.34564,Health services,Strong buy
XOM,Exxon Mobil Corporation,114.77,USD,-1.9478855190089714,13816040,0.8692057992845418,509903229080.73566,USD,13.740631659602997,8.3526,USD,-33.197370315274235,3.24648,Energy minerals,Buy
ORCL,Oracle Corporation,166.28,USD,0.28950542822677305,7142437,0.4984824747544578,460756570443.9196,USD,42.893256977764025,3.8766,USD,15.330378127510185,0.965018,Technology services,Buy
MA,Mastercard Incorporated,489.45,USD,0.41853880716439207,3483193,1.3247745393278665,452171032541.7885,USD,37.39913808912525,13.0872,USD,22.640377839418232,0.523173,Commercial services,Buy
PG,Procter & Gamble Company (The),172.26,USD,-0.5656892172708485,8916483,1.0445077839201957,404760672204.58527,USD,28.618896512767687,6.0191,USD,2.0549687176791736,2.24798,Consumer non-durables,Buy
COST,Costco Wholesale Corporation,908.42,USD,0.7631386294562632,1728137,0.8677922834675877,402734390844.83276,USD,56.306094114146866,16.1336,USD,19.528512265052576,0.483617,Retail trade,Buy
HD,"Home Depot, Inc. (The)",396.93,USD,-0.9309639095492481,2787489,0.8175969617361059,394267951276.0735,USD,26.714002086347882,14.8585,USD,-7.206290125153007,2.20636,Retail trade,Buy
JNJ,Johnson & Johnson,160.6,USD,-1.3392308637424788,5420011,0.9569179634658996,386603327667.2441,USD,23.213795296532382,6.9183,USD,40.148691354023185,2.98562,Health technology,Buy
ABBV,AbbVie Inc.,191.26,USD,-1.1627306082373006,5589494,1.2461369601297276,337830896035.31396,USD,63.970834169509665,2.9898,USD,-38.598977265726084,3.16779,Health technology,Buy
NFLX,"Netflix, Inc.",721.56,USD,-0.09691800736577486,2259774,0.7686268998292562,309668021489.6662,USD,45.09158172989795,16.0021,USD,70.1210890573339,0,Technology services,Buy
KO,Coca-Cola Company (The),71.45,USD,0.1682321603813326,12329127,0.7879482772534228,307940088226.9634,USD,29.039993496992363,2.4604,USD,1.7114510128152078,2.64966,Consumer non-durables,Buy
BAC,Bank of America Corporation,39.25,USD,-0.5069708491761795,28865793,0.7169626003635616,304563428131.6413,USD,13.801955130459245,2.8438,USD,,2.43346,Finance,Buy
MRK,"Merck & Company, Inc.",114.73,USD,-0.20006958942239889,7902444,0.8109742563185091,290818671675.6236,USD,21.262834056117722,5.3958,USD,344.3181818181818,2.6444,Health technology,Strong buy
CVX,Chevron Corporation,143.97,USD,-2.360122075279749,7888444,0.9194351913290206,263309191490.10864,USD,14.28387173585205,10.0792,USD,-36.051771722234555,4.34045,Energy minerals,Buy
AMD,"Advanced Micro Devices, Inc.",162.02,USD,2.3370389085396774,35232971,1.0900247285429208,262226455012.33975,USD,195.22834076394747,0.8299,USD,,0,Electronic technology,Strong buy
CRM,"Salesforce, Inc.",274.09,USD,1.349652418281311,7919956,1.2010104982396985,262030042365.5009,USD,47.72011073001723,5.7437,USD,259.7006513026052,0.295814,Technology services,Buy
TMUS,"T-Mobile US, Inc.",203.31,USD,0.9283161239078656,2666788,0.5238642576502833,237218869629.18808,USD,25.456708195079194,7.9865,USD,58.780492653929514,0.96803,Communications,Buy
PEP,"PepsiCo, Inc.",169.4,USD,-0.30602636534838856,4505130,0.7636444018962989,232683159968.09564,USD,24.57244810629687,6.8939,USD,20.869275545269666,3.03084,Consumer non-durables,Buy
ADBE,Adobe Inc.,517.9,USD,-1.1773236399717733,3211612,0.6725668431481389,229636860048.4231,USD,43.74746587376672,11.8384,USD,6.532283464566922,0,Technology services,Buy
TMO,Thermo Fisher Scientific Inc,599.78,USD,-1.9775119304438815,1282532,0.9736532585748244,229113307772.21265,USD,37.20442646949358,16.1212,USD,10.231181067904748,0.241877,Health technology,Buy
LIN,Linde plc,477.01,USD,-0.4881610514238097,1283879,0.7648369415315218,227773588047.76862,USD,36.30351231020967,13.1395,USD,14.686346219308897,1.11192,Process industries,Buy
MCD,McDonald's Corporation,300.47,USD,0.06660672061812552,1986241,0.7160415594026444,215540121962.0943,USD,26.29543087680608,11.4267,USD,5.193047704969342,2.17471,Consumer services,Buy
ACN,Accenture plc,337.05,USD,-0.7567281078852816,3552594,1.2664930283230615,211122879358.79202,USD,30.851540975203438,10.9249,USD,-2.647478167884516,1.51935,Technology services,Buy
CSCO,"Cisco Systems, Inc.",52.65,USD,0.24752475247523886,22422194,1.203541393398164,210112192382.7475,USD,20.751221819328393,2.5372,USD,-17.379269920870104,3.00838,Electronic technology,Buy
GE,GE Aerospace,189.33,USD,-0.17399557102182014,3214753,0.5564216861547491,205292612250.48868,USD,44.93200749934737,4.2137,USD,-48.6178009194337,0.379627,Producer manufacturing,Strong buy
IBM,International Business Machines Corporation,221.23,USD,0.11766303118069914,2537741,0.5021785056745235,203785615942.59644,USD,24.383872674367336,9.0728,USD,320.71875724553684,3.01398,Technology services,Neutral
ABT,Abbott Laboratories,112.61,USD,-0.6440797600141203,5159254,0.9308062355282433,195929791760.00076,USD,35.542720070700376,3.1683,USD,7.974644719353849,1.90577,Health technology,Buy
DHR,Danaher Corporation,267.88,USD,-2.304886943836613,2535473,0.8105017984988336,193466446803.82217,USD,47.53944169373015,5.6349,USD,-33.63366546533814,0.382932,Health technology,Buy
AXP,American Express Company,266.17,USD,-0.015025731565291921,2116345,0.7338743699540058,189223340113.069,USD,19.85691265554594,13.4044,USD,36.25681060421241,0.976673,Finance,Buy
PM,Philip Morris International Inc,121.69,USD,0.3960069301212804,6473927,0.919675196719521,189203794769.92667,USD,21.549113704379238,5.6471,USD,9.243030971311402,4.29008,Consumer non-durables,Buy
VZ,Verizon Communications Inc.,44.55,USD,-0.24630541871921058,21990145,0.9552076712252654,187534116229.4335,USD,16.707294205887866,2.6665,USD,-46.64759198863522,5.95611,Communications,Buy
QCOM,QUALCOMM Incorporated,168.27,USD,0.7906558849955206,5095502,0.5391506831556526,187452776573.1177,USD,21.811889145257048,7.7146,USD,1.0650701531447697,1.94669,Electronic technology,Buy
TXN,Texas Instruments Incorporated,205.06,USD,0.05855372304089223,4124647,0.7214975842368481,187229206679.44168,USD,35.57043487311142,5.7649,USD,-30.815111729832225,2.53733,Electronic technology,Neutral
BX,Blackstone Inc.,152.77,USD,-3.033957473817836,3918422,0.9893727110753245,186593791895.78387,USD,58.29358568321442,2.6207,USD,57.72147327876744,2.1517,Finance,Buy
CAT,"Caterpillar, Inc.",378.25,USD,-1.9899981861995715,2661536,0.9538633145798303,183412715070.43246,USD,17.229677407599734,21.9534,USD,36.57368237694718,1.3759,Producer manufacturing,Neutral
NOW,"ServiceNow, Inc.",890.03,USD,-3.63469034213946,2288811,1.7257560080155885,183346175153.78857,USD,160.9486609161106,5.5299,USD,-20.44568485563437,0,Technology services,Strong buy
WFC,Wells Fargo & Company,53.61,USD,-1.0155096011816789,10555705,0.4462360587336623,182476123321.25574,USD,10.999630678320816,4.8738,USD,,2.67725,Finance,Buy
INTU,Intuit Inc.,634.74,USD,-0.5421497963021054,1414583,1.0355666438994464,177912542524.47925,USD,60.82739983325507,10.4351,USD,23.84993353589063,0.564087,Technology services,Buy
NEE,"NextEra Energy, Inc.",84.62,USD,0.39150551666864186,8354679,0.7850705548074207,173924016381.52426,USD,27.47937909982464,3.0794,USD,-23.773454131392633,2.38759,Utilities,Buy
ISRG,"Intuitive Surgical, Inc.",484.39,USD,-0.0020644095788585684,897792,0.7080576782709604,172130012478.17465,USD,83.17278799429936,5.8239,USD,46.16021683481404,0,Health technology,Buy
DIS,Walt Disney Company (The),93.92,USD,0.24549044721955812,8408242,0.8586911849849546,170332133266.40796,USD,36.01779414020555,2.6076,USD,111.75897352606789,0.800512,Consumer services,Buy
AMGN,Amgen Inc.,312.86,USD,-5.457512389701439,4249503,2.1340200827242923,168108827727.40842,USD,53.90327527092917,5.8041,USD,-60.862440997977075,2.68343,Health technology,Buy
MS,Morgan Stanley,102.34,USD,-0.23396373562097378,3825147,0.6014287889453807,165572168636.67828,USD,16.848864010536715,6.074,USD,,3.3876,Finance,Neutral
PFE,"Pfizer, Inc.",28.93,USD,-1.9322033898305095,30712559,1.0566402720010637,163937481264.20407,USD,,-0.4641,USD,-112.36380104963102,5.66102,Health technology,Buy
AMAT,"Applied Materials, Inc.",197.31,USD,0.2693363146661252,5059717,0.7642994721219997,162663162636.2395,USD,22.172652492470895,8.8988,USD,17.32721567386546,0.731782,Producer manufacturing,Buy
UBER,"Uber Technologies, Inc.",77.14,USD,-0.3873966942148724,12552601,0.7876741152878186,162066305026.37164,USD,82.9908552985476,0.9295,USD,,0,Transportation,Strong buy
SPGI,S&P Global Inc.,514.82,USD,-0.6350002895138027,931132,0.8397424890226676,161138655444.11478,USD,48.79717920039431,10.5502,USD,45.821700069108495,0.700623,Commercial services,Buy
RTX,RTX Corporation,120.9,USD,0.7164278573808724,5713608,0.8901555980022682,160825942254.42435,USD,69.94908585975469,1.7284,USD,-54.1732951532506,2.03266,Electronic technology,Buy
CMCSA,Comcast Corporation,40.59,USD,-1.8379685610640824,24054860,1.1091670513653584,157184830243.62805,USD,10.816212327124472,3.7527,USD,137.96448953709574,2.90206,Consumer services,Buy
GS,"Goldman Sachs Group, Inc. (The)",491.14,USD,-1.3814706236697312,1763943,0.8886326011146957,155101792745.3684,USD,15.769465403756621,31.145,USD,,2.25895,Finance,Buy
T,AT&T Inc.,21.56,USD,-0.13895321908291403,28334844,0.707017682563432,154590464764.26123,USD,12.384398874145557,1.7409,USD,,5.14127,Communications,Buy
PGR,Progressive Corporation (The),256.99,USD,0.17541124191158827,2430851,0.9537783473158773,150510486907.93286,USD,21.985251343120147,11.6892,USD,300.4796491708921,0.448273,Finance,Buy
LOW,"Lowe's Companies, Inc.",264.97,USD,-0.4021951586227609,1815547,0.7886730969697884,150315946207.78717,USD,21.9633295203992,12.0642,USD,18.802930633788943,1.67268,Retail trade,Buy
UNP,Union Pacific Corporation,245.5,USD,-1.3897814910025739,2347258,0.8664519440756595,149558022649.0038,USD,23.062687296263938,10.6449,USD,-2.857273225041069,2.10476,Transportation,Buy
BKNG,Booking Holdings Inc. Common Stock,4175.7,USD,-0.04452359750669247,196707,0.8573898094979894,139987786260.63666,USD,29.23666244002238,142.8241,USD,23.334637282052736,0.418905,Consumer services,Buy
BLK,"BlackRock, Inc.",936.8,USD,-0.4706607311709214,476839,0.9293290220255183,138766756251.62817,USD,23.257603781595012,40.2793,USD,17.601735444050618,2.14613,Finance,Strong buy
LMT,Lockheed Martin Corporation,577.94,USD,-0.11924718732176708,844517,0.8009582473470511,137756624670.43262,USD,20.97275798626106,27.5567,USD,0.7811842841521245,2.15163,Electronic technology,Buy
SYK,Stryker Corporation,359.5,USD,-0.41551246537396125,854946,0.7284972376707475,136996598541.37256,USD,40.09457635814104,8.9663,USD,26.692759848527665,0.872576,Health technology,Buy
HON,Honeywell International Inc.,206.78,USD,0.7356165050908515,2858263,1.2202615824209389,134339014278.87163,USD,23.58025817634448,8.7692,USD,8.529702970297025,2.10454,Electronic technology,Buy
TJX,"TJX Companies, Inc. (The)",118.13,USD,0.40798980025498494,3743303,0.9762485666177295,133235630334.92662,USD,28.528992682396698,4.1407,USD,21.43883626125465,1.20272,Retail trade,Buy
NKE,"Nike, Inc.",88,USD,0.6174251086210911,12392849,0.8154636023654431,131952636314.20078,USD,23.615919276494107,3.7263,USD,15.468996932230178,1.6579,Consumer non-durables,Buy
ETN,"Eaton Corporation, PLC",328.55,USD,0.3543174806805416,1599254,0.6572106917895244,130795762857.74306,USD,36.13536877763358,9.0922,USD,34.35491259438773,1.12404,Producer manufacturing,Buy
BSX,Boston Scientific Corporation,83.5,USD,-0.011974613818710471,3239832,0.563954857041519,122964282381.63692,USD,67.55663430420712,1.236,USD,107.76601109430158,0,Health technology,Strong buy
COP,ConocoPhillips,105.73,USD,-2.919842071435123,6561430,0.6437664989307462,122778940815.20512,USD,11.771320418615009,8.982,USD,-13.606371313698713,2.68111,Energy minerals,Buy
ANET,"Arista Networks, Inc.",388.21,USD,0.8154361544654184,1141086,0.7072689433225239,121957285090.16911,USD,50.318859364873624,7.715,USD,42.39046177697391,0,Electronic technology,Buy
ELV,"Elevance Health, Inc.",520.49,USD,-1.3008438418507657,1157817,1.3211156085839988,120694275842.15793,USD,18.246865019684556,28.5249,USD,6.814828683767087,1.17948,Health services,Buy
PLD,"Prologis, Inc.",125.39,USD,-1.0183138616987735,3421749,0.8103989053743929,120200573010,USD,42.38439697133585,2.9584,USD,-19.81569318335817,2.88917,Finance,Buy
VRTX,Vertex Pharmaceuticals Incorporated,461.76,USD,-0.2656644851940686,778341,0.7215573916615425,119181270913.55304,USD,,-2.0258,USD,-115.65932579405877,0,Health technology,Buy
CB,Chubb Limited,290.33,USD,0.19671452236333284,1108683,0.46884090618648594,117274221429.09735,USD,12.263561176301629,23.6742,USD,70.03663003663003,1.20445,Finance,Buy
SCHW,Charles Schwab Corporation (The),64.04,USD,-0.8361721895323507,5097545,0.5477274352686979,117150849909.69589,USD,26.609049736153242,2.4067,USD,-30.066252106700762,1.54847,Finance,Buy
KKR,KKR & Co. Inc.,131.67,USD,-0.5438477226376607,1415084,0.41626035889926233,116849208510.07683,USD,31.09751777237193,4.2341,USD,226.75567217163143,0.513634,Finance,Strong buy
C,"Citigroup, Inc.",60.38,USD,-1.6131660420400766,12763819,0.9261084626682626,115192677489.66858,USD,16.855093096613906,3.5823,USD,,3.50334,Finance,Buy
MDT,Medtronic plc.,89.39,USD,-0.41221033868093193,3944437,0.46401955818679974,114641826602.65697,USD,30.074353194495842,2.9723,USD,9.452791280011798,3.08601,Health technology,Buy
REGN,"Regeneron Pharmaceuticals, Inc.",1031.15,USD,-1.4178091359299343,1003053,1.4745371329985737,113650650591.0474,USD,27.30698544015847,37.7614,USD,-0.20982643073085053,0,Health technology,Buy
UPS,"United Parcel Service, Inc.",131.51,USD,1.5364422483014057,5048200,1.0547357325169122,112648545875.88889,USD,21.46401175126489,6.127,USD,-46.88524021707093,5.02625,Transportation,Buy
ADI,"Analog Devices, Inc.",226.64,USD,-0.30352351207496864,2042633,0.6739433512022548,112525280774.46635,USD,68.34122365286615,3.3163,USD,-54.93973939155129,1.56601,Electronic technology,Buy
ADP,"Automatic Data Processing, Inc.",275.25,USD,-0.502458068247537,1076390,0.6212843227568565,112254151352.49692,USD,30.239609768959497,9.1023,USD,10.903574822720957,1.97007,Technology services,Neutral
DE,Deere & Company,406.93,USD,-0.963761590693368,923692,0.6923912313441786,111335979941.30661,USD,13.885410304269048,29.3063,USD,-13.359822381471853,1.40184,Producer manufacturing,Buy
PANW,"Palo Alto Networks, Inc.",340.51,USD,-0.8762226362366066,1788262,0.7317624297500497,110870054532.9681,USD,47.040864255519026,7.2386,USD,470.8224903398785,0,Technology services,Buy
AMT,American Tower Corporation (REIT),235.63,USD,-0.35522476424070853,1447232,0.6487237028860932,110450801902,USD,44.25641410916194,5.3242,USD,157.41913648890397,2.77414,Finance,Strong buy
MMC,"Marsh & McLennan Companies, Inc.",223.88,USD,0.2866869736606282,2630868,1.499293057258088,110094318170.80772,USD,27.75601289362757,8.066,USD,22.961065886155076,1.31921,Finance,Neutral
SBUX,Starbucks Corporation,95.62,USD,1.2387506617257826,8632887,0.760715777620931,108356575830.03282,USD,26.80007847753581,3.5679,USD,8.638328969003108,2.41398,Consumer services,Buy
MU,"Micron Technology, Inc.",95.77,USD,1.8829787234042512,54761816,2.3023738187844427,106193743814.26743,USD,,-1.4203,USD,47.04522575593752,0.489362,Electronic technology,Buy
HCA,"HCA Healthcare, Inc.",405.11,USD,0.8237929318068696,824625,0.6112954727107026,104548146869.79134,USD,19.00836140801982,21.3122,USD,4.7967467681580604,0.627178,Health services,Buy
LRCX,Lam Research Corporation,803.75,USD,1.6041766743357084,1167978,0.8111692892189681,104387840368.7647,USD,27.7092110071501,29.0066,USD,-12.490496820205871,1.0113,Producer manufacturing,Buy
KLAC,KLA Corporation,772.06,USD,0.22327803307629276,575055,0.6086953392262815,103784183254.55368,USD,38.04975653990971,20.2908,USD,-15.799869700352298,0.752914,Electronic technology,Buy
GILD,"Gilead Sciences, Inc.",82.21,USD,-1.8856665473206975,8375549,0.8685413908753217,102350798817.13115,USD,100.47665607430945,0.8182,USD,-81.18128708772254,3.62812,Health technology,Buy
FI,"Fiserv, Inc.",176.8,USD,-0.31012122920777163,2311488,0.9438722040626772,101788211559.82182,USD,30.660909075143508,5.7663,USD,45.426344858893856,0,Finance,Buy
BMY,Bristol-Myers Squibb Company,49.95,USD,-1.943462897526492,15321859,1.3300702935858137,101268384592.92403,USD,,-3.259,USD,-186.75859865828983,4.65253,Health technology,Neutral
INTC,Intel Corporation,23.54,USD,3.2003507233669466,117013037,0.9075863634258546,100657037642.90399,USD,102.52613240418118,0.2296,USD,,2.19202,Electronic technology,Neutral
MDLZ,"Mondelez International, Inc.",74.06,USD,-0.13484358144551553,4949754,0.86125213631595,98929184731.45444,USD,25.514176456402662,2.9027,USD,-3.6927670869276694,2.29234,Consumer non-durables,Strong buy
SO,Southern Company (The),89.35,USD,-0.4234927003232025,3457300,0.7274767175572127,97799457521.99933,USD,21.299673412953826,4.1949,USD,48.68150563550009,3.16505,Utilities,Buy
CI,The Cigna Group,348.86,USD,-1.220375456578985,892513,0.8598824391633494,97523397241.49928,USD,27.437532934320117,12.7147,USD,-42.06977305759443,1.48937,Health services,Strong buy
SHW,Sherwin-Williams Company (The),381.18,USD,-0.09959115211237955,759409,0.5972160499006853,96155562557.44336,USD,38.859041929597424,9.8093,USD,8.85554803413492,0.720725,Process industries,Buy
BA,Boeing Company (The),152.22,USD,-2.304088312688533,9586599,0.9625254889910823,93792965953.3609,USD,,-5.6266,USD,24.851415062839745,0,Electronic technology,Buy
ICE,Intercontinental Exchange Inc.,159.45,USD,0.4409448818897566,2827103,0.9266186400493714,91546956225.89195,USD,39.46391446391446,4.0404,USD,34.303948942959714,1.09606,Finance,Buy
DUK,Duke Energy Corporation (Holding Company),116.21,USD,0.19831005345748387,3496737,1.1432853174056947,89737557523.97629,USD,20.881174420067204,5.5653,USD,209.78569440578903,3.55234,Utilities,Buy
DELL,Dell Technologies Inc.,120.17,USD,2.437984826528002,8534927,0.5447564910636704,87543416358.49629,USD,22.096166222303943,5.4385,USD,110.61497947486643,1.38948,Electronic technology,Buy
TT,Trane Technologies plc,387.7,USD,1.0293159609120492,807615,0.744299386379132,87492347027.85329,USD,38.33603607166871,10.1132,USD,24.811176383472386,0.828665,Producer manufacturing,Buy
MO,"Altria Group, Inc.",51.04,USD,-0.29302598163703575,7148016,0.6837235674308753,87085689265.08147,USD,8.803642886711742,5.7976,USD,52.24789915966388,7.65775,Consumer non-durables,Neutral
ZTS,Zoetis Inc.,191.53,USD,-1.1151840569982945,1906297,1.018110517851784,86772858141.73984,USD,37.504895433539595,5.1068,USD,7.445980348839644,0.862719,Health technology,Buy
MCO,Moody's Corporation,476.15,USD,-0.6737869748425087,545202,0.6424081876343476,86706918789.29503,USD,47.01090980895492,10.1285,USD,30.50845273683127,0.692561,Commercial services,Buy
CL,Colgate-Palmolive Company,103.75,USD,-0.03853935831969,3258971,0.6990535472918116,84772787078.82503,USD,30.15637716544588,3.4404,USD,91.82603847226093,1.88843,Consumer non-durables,Buy
EQIX,"Equinix, Inc.",890.01,USD,0.27377813830865383,554115,1.1385608044050282,84271277680,USD,81.4796165923593,10.9231,USD,26.05419253583216,1.91983,Finance,Buy
ABNB,"Airbnb, Inc.",130.71,USD,-0.5856404015819758,2310696,0.44703204701236804,84007366126.59996,USD,17.798929694840478,7.3437,USD,115.21261319344723,0,Consumer services,Neutral
CTAS,Cintas Corporation,207.21,USD,1.1520624847449419,1944068,1.3138996529371658,83559192935.32266,USD,66.05776587605203,3.1368,USD,-5.660150375939853,0.684647,Consumer services,Neutral
WM,"Waste Management, Inc.",207.69,USD,0.08191981495758842,1272336,0.8461481166205576,83349076543.69154,USD,32.996520661550925,6.2943,USD,13.072611648043681,1.39746,Industrial services,Buy
PLTR,Palantir Technologies Inc.,37.12,USD,0.5962059620596175,46511530,0.44420185171985704,83128516850.36748,USD,218.48145968216596,0.1699,USD,,0,Technology services,Neutral
GD,General Dynamics Corporation,301.69,USD,-0.9781074605310722,915630,0.5447868415797967,82897654143.99998,USD,23.51716880383521,12.8285,USD,5.275899422268901,1.79867,Electronic technology,Buy
CEG,Constellation Energy Corporation,262.86,USD,3.6963982800110475,6245930,1.3052091804001107,82193455166.85764,USD,35.032585662308584,7.5033,USD,214.70933646506168,0.528423,Utilities,Buy
PH,Parker-Hannifin Corporation,621.82,USD,-0.5676639429457688,478312,0.8409034131594302,80009805354.01775,USD,28.53078959563564,21.7947,USD,36.147099611449136,0.994611,Electronic technology,Buy
CMG,"Chipotle Mexican Grill, Inc.",58.38,USD,0.7246376811594233,8421685,0.8120509826256728,79950004823.81883,USD,57.207251347378744,1.0205,USD,27.46689982513115,0,Consumer services,Buy
TDG,Transdigm Group Inc.,1424.26,USD,0.2364698430572102,242987,1.3427396448788596,79917213931.63521,USD,52.69279860892728,27.0295,USD,44.02905145816792,0,Electronic technology,Buy
PYPL,"PayPal Holdings, Inc.",77.36,USD,-1.2509573653306152,13822317,1.0553314654298078,79087706117.29282,USD,18.74031007751938,4.128,USD,15.326591048779123,0,Commercial services,Buy
APH,Amphenol Corporation,65.36,USD,-1.194255479969775,4934134,0.7823758809992641,78712311004.98744,USD,38.94416969552523,1.6783,USD,9.179026801977622,0.657596,Electronic technology,Buy
SNPS,"Synopsys, Inc.",510.36,USD,0.6964860012232957,838440,0.6927817388008589,78398313553.2139,USD,52.968282962470944,9.6352,USD,44.44710961861357,0,Technology services,Strong buy
CME,CME Group Inc.,217.52,USD,-0.2933626696002871,1973727,0.827108072132459,78328249839.9362,USD,23.992940657401277,9.066,USD,10.739238774612803,4.4692,Finance,Neutral
WELL,Welltower Inc.,129.08,USD,1.1598746081504845,2777826,0.8017606589326841,77727222874,USD,208.12641083521447,0.6202,USD,153.972153972154,1.95925,Finance,Buy
NOC,Northrop Grumman Corporation,528.11,USD,-0.33027592194164496,437258,0.7861420038640262,77233587285.9682,USD,34.46518305814788,15.323,USD,-49.23772104764492,1.44755,Electronic technology,Neutral
ITW,Illinois Tool Works Inc.,258.06,USD,-0.17793594306049032,1150307,1.3404399641417304,76618009168.6121,USD,25.295536081867905,10.2018,USD,0.9639365029096273,2.16618,Producer manufacturing,Neutral
AON,Aon plc,346.92,USD,-0.14679215957170966,827999,1.0133509144218,75365647511.27502,USD,27.746940734223788,12.503,USD,-2.644324357996037,0.742596,Finance,Neutral
MSI,"Motorola Solutions, Inc.",450.49,USD,0.07997689556350691,490431,0.6260866301549147,75160204444.88185,USD,52.759234534935466,8.5386,USD,-3.1179794403975656,0.848644,Electronic technology,Buy
MMM,3M Company,136.6,USD,-0.45182917941991296,3580080,0.8953112895280483,75041707576.59962,USD,80.77105014191106,1.6912,USD,,3.21382,Producer manufacturing,Neutral
CDNS,"Cadence Design Systems, Inc.",271.8,USD,-0.5561246890092133,1627196,0.9514778993103289,74424279984.7161,USD,70.28704422032584,3.867,USD,18.863922786094125,0,Technology services,Buy
CVS,CVS Health Corporation,58.64,USD,0.9641873278236954,11270733,1.5412001648689766,73767905431.1157,USD,10.435277787664164,5.6194,USD,146.55142155142156,4.47658,Retail trade,Buy
ECL,Ecolab Inc.,254.82,USD,0.2202469912687809,1033292,1.0429115028286404,72505876844.33383,USD,42.741407940421674,5.9619,USD,45.220928533151444,0.880988,Process industries,Buy
PNC,"PNC Financial Services Group, Inc. (The)",181.77,USD,-1.5437114072148166,1209774,0.6727469513448027,72252890785.89893,USD,15.232676046895559,11.9329,USD,,3.38533,Finance,Buy
CARR,Carrier Global Corporation,79.67,USD,-0.9202835468225282,3589227,0.8332464891119633,71922251381.26093,USD,21.20405610411732,3.7573,USD,49.08737401793508,0.938938,Producer manufacturing,Buy
TGT,Target Corporation,155.07,USD,-0.7107184018440348,2319914,0.5869072630391722,71436814951.14848,USD,16.010365904022464,9.6856,USD,32.85416438055526,2.83007,Retail trade,Buy
EOG,"EOG Resources, Inc.",124.56,USD,-2.6114151681000806,3031887,0.6880988237519869,70824760585.89525,USD,9.612075285329547,12.9587,USD,-12.677223719676547,3.95231,Energy minerals,Buy
CRWD,"CrowdStrike Holdings, Inc.",286.47,USD,-0.7174048658764791,2953459,0.581079958833745,70225547357.24017,USD,418.69336451330025,0.6842,USD,,0,Technology services,Buy
GEV,GE Vernova Inc.,255.05,USD,-0.16831063096914764,2454244,0.6710107238397727,70088257210.01292,USD,,,,,0,Producer manufacturing,Buy
USB,U.S. Bancorp,44.75,USD,-1.9500438212094666,6848363,0.7589828192154865,69833002270.67265,USD,14.200939324701702,3.1512,USD,,4.27257,Finance,Buy
FCX,"Freeport-McMoRan, Inc.",48.31,USD,-0.8415435139573001,12454829,0.8881959526233839,69414530714.71306,USD,36.44937377395504,1.3254,USD,-8.656099241902147,1.23153,Non-energy minerals,Buy
MAR,Marriott International,245.5,USD,-0.7599644271970231,951362,0.638219568644551,69113840445.2583,USD,24.546563481112642,10.0014,USD,12.810043200198518,0.929744,Consumer services,Neutral
BDX,"Becton, Dickinson and Company",235.2,USD,-0.7385524372230429,1777623,1.3121360458432672,67982776175.503685,USD,48.38809225008744,4.8607,USD,-11.98689047024102,1.58683,Health technology,Buy
ORLY,"O'Reilly Automotive, Inc.",1142.81,USD,1.2034855918244378,289422,0.722436127048234,66289452099.5283,USD,28.759270304073524,39.7371,USD,10.248229213196339,0,Retail trade,Buy
APD,"Air Products and Chemicals, Inc.",295.72,USD,0.0439798369363146,1349407,0.9189049792896752,65742842800.49907,USD,25.69913965412358,11.507,USD,17.6260132683206,2.38168,Process industries,Buy
CSX,CSX Corporation,33.52,USD,-1.8160515524311582,8278047,0.6810795993234262,64986551035.59227,USD,18.390300104240964,1.8227,USD,-8.088346528162981,1.37668,Transportation,Buy
FDX,FedEx Corporation,263.77,USD,-1.257814547224203,2593692,0.7144266451633784,64445203142.19817,USD,16.274664659353135,16.2074,USD,-1.1816208570104598,1.93164,Transportation,Buy
RSG,"Republic Services, Inc.",204.49,USD,0.5556648308418545,864197,0.8313034849263435,64223820279.70417,USD,34.25637417495896,5.9694,USD,20.210238028112297,1.05232,Industrial services,Buy
NEM,Newmont Corporation,55.26,USD,-1.0564010743061834,8820675,0.9556629923622585,63406935816.951836,USD,,-2.1399,USD,-123.8857501569366,2.32766,Non-energy minerals,Buy
PSA,Public Storage,359.58,USD,-0.6657642476311569,651973,0.8838128397296289,63354915190,USD,33.666647941126904,10.6806,USD,-53.74601579822617,3.31501,Finance,Buy
MCK,McKesson Corporation,479.14,USD,-0.28096318341693327,1365148,1.1007051328257897,62133327786.91082,USD,21.43246942627864,22.3558,USD,-16.566024497473375,0.534871,Distribution services,Buy
AJG,Arthur J. Gallagher & Co.,280.75,USD,0.5083592882970022,896947,0.9533567367721111,61512323756.71159,USD,54.64294750773662,5.1379,USD,0.14813948502037017,0.823399,Finance,Buy
AFL,AFLAC Incorporated,109.69,USD,0.5407882676443662,1773695,0.6294181958617119,61429284663.01036,USD,11.60581084083671,9.4513,USD,26.564090203010338,1.75985,Finance,Neutral
DHI,"D.R. Horton, Inc.",187.17,USD,-2.7031241877631738,2560249,1.1171095124230133,61024923986.520134,USD,12.571194454892268,14.8888,USD,5.87666401183297,0.623798,Consumer durables,Buy
EMR,Emerson Electric Company,104.4,USD,-1.8243370321609906,2817258,0.8790271442873756,59789879215.57645,USD,35.84549356223176,2.9125,USD,-22.558430162992895,1.9748,Electronic technology,Buy
NXPI,NXP Semiconductors N.V.,233.97,USD,0.09411764705882304,1621535,0.5552318437541806,59599866129.94871,USD,21.860838853747186,10.7027,USD,1.2056509569558922,1.73519,Electronic technology,Buy
SLB,Schlumberger N.V.,41.81,USD,-2.722196370404827,12552376,0.7427547910938392,59363564479.64937,USD,13.67591259976449,3.0572,USD,11.936145284124198,2.443,Industrial services,Strong buy
ROP,"Roper Technologies, Inc.",548.36,USD,-0.6558208630747498,401828,0.8747462803015988,58783456106.9996,USD,41.061506896500084,13.3546,USD,14.352993560761746,0.531269,Technology services,Buy
FTNT,"Fortinet, Inc.",76.61,USD,-1.0973405628711521,4286288,0.8572538280831441,58599602720.672615,USD,45.267076341290476,1.6924,USD,26.95221663791163,0,Technology services,Buy
ADSK,"Autodesk, Inc.",268,USD,-0.6119043204153449,1174516,0.7455545526800275,57619998696.02819,USD,54.894410192335265,4.8821,USD,20.826114933425725,0,Technology services,Buy
MET,"MetLife, Inc.",80.74,USD,0.3604723430702201,2560266,0.6531651390143068,56544229484.43455,USD,21.791584572616124,3.7051,USD,43.88737864077668,2.64761,Finance,Buy
HLT,Hilton Worldwide Holdings Inc.,227.39,USD,-0.4727097649582057,1029999,0.6000199929185921,56035057091.592155,USD,48.19014114355952,4.7186,USD,-1.2555978738542588,0.262617,Consumer services,Buy
TFC,Truist Financial Corporation,41.73,USD,-0.5955216769890425,5834337,0.6822637607277119,55882459927.97737,USD,,-1.648,USD,,4.95474,Finance,Buy
COF,Capital One Financial Corporation,146.33,USD,-0.6922293858160719,1593046,0.6482218623987204,55877015766.79614,USD,13.764980339773862,10.6306,USD,,1.62878,Finance,Buy
SPG,"Simon Property Group, Inc.",169.1,USD,-0.5937334665804592,1349433,0.6007791773800552,55461876968,USD,21.41021258277307,7.8981,USD,21.889902310292143,4.55588,Finance,Buy
WMB,"Williams Companies, Inc. (The)",45.5,USD,-1.1514229850097786,6262456,1.2650408096447348,55461371514.69694,USD,19.70208712219624,2.3094,USD,6.502490315439956,4.00826,Industrial services,Buy
OKE,"ONEOK, Inc.",94.69,USD,-0.5670481990969298,2641016,0.9957215900879967,55305960825.553925,USD,20.64672277702673,4.5862,USD,-15.394690722600407,4.1216,Industrial services,Buy
NSC,Norfolk Southern Corporation,243.3,USD,-1.4700522415259365,855648,0.6297195962072342,55009261137.30289,USD,30.755034193328196,7.9109,USD,-28.865209963132816,2.18685,Transportation,Buy
O,Realty Income Corporation,62.64,USD,0.1278772378516597,5233647,1.05545018379765,54481479174,USD,58.016115587663236,1.0797,USD,-19.593386952636273,4.93606,Finance,Buy
PSX,Phillips 66,129.85,USD,0.29350428670734185,8126658,2.2806056647779434,54351208970.17185,USD,11.149750987463506,11.646,USD,-49.468915963761326,3.39847,Energy minerals,Buy
MPC,Marathon Petroleum Corporation,161.66,USD,-0.4863034779932238,2320668,0.6493415138005512,54105022751.271286,USD,8.493847398673855,19.0326,USD,-30.94422594081535,2.03139,Energy minerals,Buy
TRV,"The Travelers Companies, Inc.",236.32,USD,-0.6975376082023685,764769,0.5909818145175375,53864757467.64266,USD,14.947217952853519,15.8103,USD,68.18215664790918,1.70182,Finance,Neutral
AEP,"American Electric Power Company, Inc.",101.15,USD,-0.25638497189625375,2650123,0.967788985633675,53823939450.272156,USD,20.18518888068488,5.0111,USD,30.188875321503726,3.47106,Utilities,Neutral
BK,The Bank of New York Mellon Corporation,72.17,USD,0.4873294346978677,3725455,0.9059654612758619,53258393958.740746,USD,16.685162065936098,4.3254,USD,,2.4088,Finance,Buy
FANG,"Diamondback Energy, Inc.",180.53,USD,-2.642506606266519,1740637,0.6420051349729382,53209860100.93696,USD,9.331789493272407,19.3457,USD,0.3235960649888776,5.80273,Energy minerals,Buy
AZO,"AutoZone, Inc.",3108.97,USD,2.1353692710506347,138232,0.8196363601865161,53109947509.4349,USD,21.259353624621426,146.2401,USD,10.217744713146928,0,Retail trade,Strong buy
DLR,"Digital Realty Trust, Inc.",162.9,USD,0.47492752729291937,1675414,0.7637297671879015,53083153718,USD,47.72507544018985,3.4133,USD,166.41429909459887,3.00993,Finance,Buy
URI,"United Rentals, Inc.",802.05,USD,-0.026176052651264728,378505,0.8508747596338656,53044270573.33689,USD,21.16997745881086,37.8862,USD,15.307380229907466,0.794007,Finance,Neutral
SRE,DBA Sempra,83,USD,-0.02409058058298726,2377451,0.8770597032654961,52551105419.03156,USD,17.721410880519258,4.6836,USD,18.677309007981766,2.92701,Utilities,Buy
PCAR,PACCAR Inc.,98.12,USD,-1.058787939901177,3085657,1.3030049637930416,51436642238.322075,USD,10.396160244116931,9.4381,USD,35.69651920118471,1.14954,Producer manufacturing,Neutral
GM,General Motors Company,45.73,USD,-4.867900977740802,22910594,1.7884778037118985,51396958181.91221,USD,5.141784164249252,8.8938,USD,24.246318906987803,0.873726,Consumer durables,Buy
CCI,Crown Castle Inc.,116.75,USD,-0.5367183506559853,1777660,0.7754769790223457,51009511037,USD,42.696752486834406,2.7344,USD,-30.397597108384666,5.33311,Finance,Neutral
KDP,Keurig Dr Pepper Inc.,37.58,USD,-0.6608511763150938,4268221,0.5267824002473552,50961730347.147766,USD,23.96072430502423,1.5684,USD,38.79646017699117,2.27333,Consumer non-durables,Buy
ROST,"Ross Stores, Inc.",153.08,USD,0.5319498259670337,1492298,0.7129393238280044,50786206793.426674,USD,24.680370818218464,6.2025,USD,31.564992363821464,0.922703,Retail trade,Buy
JCI,Johnson Controls International plc,75.83,USD,0.37061548643282743,5474047,1.1834803900669388,50655469527.499405,USD,31.692230534542567,2.3927,USD,-20.070151995991313,1.95897,Producer manufacturing,Buy
MNST,Monster Beverage Corporation,51.67,USD,-1.4871306005719753,4151330,0.6442702744010077,50613036390.54204,USD,32.167092074954866,1.6063,USD,18.721359940872144,0,Consumer non-durables,Buy
GWW,"W.W. Grainger, Inc.",1032.16,USD,-0.8215545156671843,246844,1.232596670185366,50395935373.860695,USD,28.141426919972957,36.6776,USD,5.158493508876552,0.75141,Distribution services,Neutral
CHTR,"Charter Communications, Inc.",314.49,USD,-2.743072736269175,2110772,1.3432686982231237,50215167458.322075,USD,10.02770860369682,31.3621,USD,5.374194458817451,0,Consumer services,Neutral
ALL,Allstate Corporation (The),190,USD,-0.9488061724533382,1234977,0.7698612472246297,50167713707.79898,USD,17.27257024936137,11.0001,USD,,1.90283,Finance,Buy
CPRT,"Copart, Inc.",52.05,USD,-0.7626310772164074,5095099,1.147901212121822,50087591194.43564,USD,37.234423063166176,1.3979,USD,9.210937499999991,0,Retail trade,Buy
LEN,Lennar Corporation,181.86,USD,-1.286435433968396,1721358,0.7155868886849873,49474739530.850685,USD,12.046261459382121,15.0968,USD,11.86212108862691,1.01775,Consumer durables,Buy
KMI,"Kinder Morgan, Inc.",22.09,USD,-0.5850585058505806,12086234,1.0265725879151812,49101074503.57561,USD,20.175358480226503,1.0949,USD,-1.4225263347438586,5.13051,Industrial services,Buy
D,"Dominion Energy, Inc.",57.22,USD,0.3507541213609185,5106000,1.174540137976952,48004053029.24482,USD,30.82974137931034,1.856,USD,-31.15982344868513,4.68257,Utilities,Neutral
PAYX,"Paychex, Inc.",132.46,USD,-0.875551897029101,1810190,1.127895185296532,47651391261.83089,USD,28.373139123915607,4.6685,USD,8.61776133640446,2.79877,Technology services,Neutral
KMB,Kimberly-Clark Corporation,141.2,USD,0.10634526763557409,1683076,0.7556771668423473,47556788431.597305,USD,20.901487676707866,6.7555,USD,39.26568813391606,3.40305,Consumer non-durables,Neutral
AIG,"American International Group, Inc. New",73.02,USD,-0.5448106782893023,2789954,0.5606685642763538,47021331225.016335,USD,12.748795306934841,5.7276,USD,-3.2058540212596998,2.0158,Finance,Buy
FICO,Fair Isaac Corporation,1909.85,USD,-0.36778131357922594,108280,0.7474958062088819,46826722196.16612,USD,100.40691652953824,19.0211,USD,15.551114135056975,0,Technology services,Neutral
OXY,Occidental Petroleum Corporation,51.12,USD,-2.4427480916030557,11819858,1.0488500782485277,46295077090.2458,USD,12.60417180334336,4.0558,USD,-31.103485764761846,1.52672,Energy minerals,Buy
STZ,"Constellation Brands, Inc.",251.9,USD,-0.22576939834435505,1059365,0.9357467694072952,45900067226.97232,USD,18.73586814233012,13.4448,USD,,1.50513,Consumer non-durables,Strong buy
RCL,Royal Caribbean Cruises Ltd.,177.41,USD,-1.2358737404665139,1582676,0.8789369915852461,45668945379.41157,USD,19.789400885676358,8.9649,USD,,0,Consumer services,Buy
AMP,"Ameriprise Financial, Inc.",463.09,USD,-0.06258362467090088,350188,0.8591533884237504,45470190418.18352,USD,15.86429924599273,29.1907,USD,37.05712219812002,1.22146,Finance,Buy
FIS,"Fidelity National Information Services, Inc.",82.31,USD,-2.0468880161846945,3386014,1.083807900101108,44905530055.72427,USD,624.0333586050039,0.1319,USD,,2.09449,Technology services,Buy
MPWR,"Monolithic Power Systems, Inc.",914.74,USD,0.4105378704720098,312346,0.56317219568749,44595403474.89051,USD,108.79788765060599,8.4077,USD,-9.810883580232346,0.493963,Electronic technology,Buy
TEL,TE Connectivity Ltd. New Switzerland Registered Shares,145.78,USD,-2.016400053770668,1752316,0.9570579663356582,44305263444.51688,USD,13.118206032683032,11.1128,USD,71.56266403186463,1.66689,Electronic technology,Buy
LHX,"L3Harris Technologies, Inc.",233.32,USD,-0.6049245974269473,754569,1.052837126130493,44262014785.086815,USD,37.34793187347932,6.2472,USD,48.89174889174889,1.95961,Electronic technology,Buy
MSCI,MSCI Inc.,562.37,USD,0.2888987962550164,383253,0.8422489420051588,44230392776.75191,USD,37.67821729109718,14.9256,USD,30.854001735882797,1.1021,Technology services,Buy
KVUE,Kenvue Inc.,23,USD,-0.47598442232799404,12625752,0.6476290356439843,44048850407.00995,USD,39.390306559342356,0.5839,USD,-35.466401414677286,3.48334,Consumer non-durables,Buy
COR,"Cencora, Inc.",223.43,USD,-0.8520079875748781,1737646,0.7979962081487878,44026174245.64562,USD,24.254233608336953,9.212,USD,12.294902113757704,0.905258,Distribution services,Buy
PEG,Public Service Enterprise Group Incorporated,88.24,USD,0.5927952576379344,2648061,0.7900595965102248,43957784749.44003,USD,26.72319806178074,3.302,USD,-40.611510791366904,2.66758,Utilities,Buy
PWR,"Quanta Services, Inc.",297.94,USD,-0.10059012875536862,997255,1.3554770990420981,43895435660.985245,USD,56.22888633060939,5.2987,USD,35.4334935078213,0.117355,Industrial services,Buy
CMI,Cummins Inc.,317.5,USD,-1.8729138336011875,705721,0.9671046212439306,43512624717.355354,USD,23.008413470248488,13.7993,USD,-22.69992605704811,2.12016,Producer manufacturing,Neutral
ODFL,"Old Dominion Freight Line, Inc.",199.46,USD,0.5241407116218227,1387435,0.9882200080941681,42743587335.82311,USD,34.19685565861437,5.8327,USD,1.3941764450238956,0.463663,Transportation,Neutral
PRU,"Prudential Financial, Inc.",119.57,USD,-0.20031716885068784,1460982,0.9677139876467569,42686489129.74676,USD,15.286176346505414,7.8221,USD,161.5562094562964,4.29847,Finance,Neutral
VLO,Valero Energy Corporation,132.81,USD,-0.007528986598397007,3007971,0.9185974347797236,42549735643.891655,USD,7.590704373471113,17.4964,USD,-39.733878940062475,3.18476,Energy minerals,Buy
ACGL,Arch Capital Group Ltd.,113.07,USD,-0.247022496691664,1052811,0.7359559739630303,42520858357.78941,USD,7.954385569969327,14.2148,USD,138.73969197695703,0,Finance,Buy
PCG,Pacific Gas & Electric Co.,19.89,USD,0.35317860746720625,11508952,0.5761987499764318,42514102248.411705,USD,16.880251209369433,1.1783,USD,26.87627866910735,0.151362,Utilities,Buy
GEHC,GE HealthCare Technologies Inc.,93.01,USD,0.8675848606441942,4044715,0.9000186202385438,42474156563.9473,USD,26.990713871154963,3.446,USD,-4.790849312040669,0.130138,Health technology,Buy
IQV,"IQVIA Holdings, Inc.",231.71,USD,-3.280878240180317,1302051,0.9336386063802593,42240734998.21706,USD,30.05122884378445,7.7105,USD,32.46233400333281,0,Health services,Buy
NDAQ,"Nasdaq, Inc.",73.04,USD,-0.8551649246640363,3429016,1.2838674144438713,41979030132.89535,USD,41.96736382440819,1.7404,USD,-21.902625084137313,1.22166,Finance,Buy
KHC,The Kraft Heinz Company,34.52,USD,-0.5187319884726216,6158325,0.6848638671358593,41737403075.87897,USD,22.051871726076406,1.5654,USD,-38.822885727684856,4.61095,Consumer non-durables,Buy
F,Ford Motor Company,10.42,USD,-4.139834406623729,74109589,1.556486628575777,41422099739.194115,USD,10.95919225915019,0.9508,USD,-7.084921332942453,7.17571,Consumer durables,Neutral
IDXX,"IDEXX Laboratories, Inc.",497.76,USD,-1.7022789209684437,301635,0.804730390574435,40968585464.22023,USD,49.34130311951705,10.0881,USD,7.032136908109034,0,Health technology,Buy
KR,Kroger Company (The),56.6,USD,0.9632536567962882,3374576,0.6509521791341473,40949323720.80271,USD,14.813263890706379,3.8209,USD,71.21028812116323,2.0157,Retail trade,Buy
GIS,"General Mills, Inc.",73.76,USD,-0.01355564592651607,2782870,0.6058772885944662,40948516720.50753,USD,17.576133060096268,4.1966,USD,2.4210474935324773,3.21269,Consumer non-durables,Neutral
VST,Vistra Corp.,119.08,USD,5.943060498220634,15868441,1.7504953163968755,40911292230.293945,USD,93.42538835713165,1.2746,USD,-65.1386685629889,0.757562,Utilities,Strong buy
MCHP,Microchip Technology Incorporated,76.11,USD,-1.7935483870967748,6082263,0.9059505643171095,40833400567.367615,USD,30.40751098681582,2.503,USD,-42.08967655360695,2.31613,Electronic technology,Buy
HES,Hess Corporation,132.21,USD,-2.4640354112873504,1607200,1.017468204593408,40735871672.224045,USD,15.388286233064855,8.5916,USD,65.04850638747479,1.29104,Energy minerals,Buy
HWM,Howmet Aerospace Inc.,99.72,USD,0.40273862263391635,1547477,0.5876060554510907,40700379470.07814,USD,44.215847115683054,2.2553,USD,77.93293885601578,0.231575,Electronic technology,Buy
FAST,Fastenal Company,70.71,USD,-1.531820080768707,2241506,0.9957387913384848,40491805638.4399,USD,35.20362441501543,2.0086,USD,2.50574126052564,2.1167,Distribution services,Neutral
A,"Agilent Technologies, Inc.",139.44,USD,-1.7128356946500365,1437304,0.9347308885849794,40064968540.643684,USD,28.898882924706225,4.8251,USD,26.536767019825863,0.657644,Health technology,Buy
EXC,Exelon Corporation,39.99,USD,0,6309464,0.6348671746048945,40009923454.99999,USD,16.493442217272953,2.4246,USD,13.72953703269384,3.75094,Utilities,Neutral
OTIS,Otis Worldwide Corporation,99.54,USD,0.6165975942585661,1982618,0.7198735508891081,39871222829.97635,USD,27.778087849528383,3.5834,USD,12.87365735345072,1.47579,Producer manufacturing,Buy
AME,"AMETEK, Inc.",171.25,USD,0.41632461592588715,1672425,1.5719373339875142,39650532439.65492,USD,29.82618085551066,5.7416,USD,7.460228336140746,0.621555,Producer manufacturing,Buy
CTVA,"Corteva, Inc.",57.15,USD,-1.2100259291270576,2350165,0.7172608516541956,39561915536.29213,USD,44.23032273043882,1.2921,USD,-0.11595547309833462,1.10631,Process industries,Buy
EW,Edwards Lifesciences Corporation,65.41,USD,-1.3870043720790015,8737278,1.0752088010097753,39402986684.24574,USD,26.921019055850515,2.4297,USD,7.642211589580004,0,Health technology,Buy
IT,"Gartner, Inc.",511.08,USD,0.02740047755117751,326112,1.0772204177453064,39383578088.418365,USD,48.662236017747986,10.5026,USD,-8.982502968169097,0,Technology services,Neutral
CNC,Centene Corporation,74.12,USD,-0.3763440860215069,3375330,0.7743806604272895,38989346570.77741,USD,14.062381422175001,5.2708,USD,8.597919027505924,0,Health services,Buy
HSY,The Hershey Company,191,USD,-1.2103030929967948,1075984,0.977677545156926,38637019279.80759,USD,21.206199760181196,9.0068,USD,3.639606466831598,2.74232,Consumer non-durables,Neutral
EXR,Extra Space Storage Inc,181.34,USD,-0.45015371102327245,636334,0.5206589850318745,38604929201,USD,47.37942206197419,3.8274,USD,-37.31944580917756,3.55731,Finance,Neutral
IR,Ingersoll Rand Inc.,95.03,USD,-3.040506070809105,3078529,1.329190006968629,38343103591.93246,USD,46.98407989716207,2.0226,USD,17.6135372448683,0.0816243,Producer manufacturing,Buy
GLW,Corning Incorporated,44.67,USD,-1.3689556193420125,4262097,0.8654810847443667,38224155761.76286,USD,88.14127861089187,0.5068,USD,-30.82173082173082,2.47295,Electronic technology,Buy
VRSK,"Verisk Analytics, Inc.",265.16,USD,0.13973337361683014,497953,0.5896541920140261,37765099438.46127,USD,43.05943488145502,6.158,USD,86.03667562913509,0.55138,Technology services,Buy
SYY,Sysco Corporation,76.76,USD,0.45805522837326074,3701085,0.7255225990198475,37729123015.02055,USD,19.733155093961287,3.8899,USD,11.955677075838251,2.63055,Distribution services,Buy
HUM,Humana Inc.,311.95,USD,-0.08967748134389057,911840,0.49704527775915347,37559300635.68794,USD,22.23370514236841,14.0305,USD,-47.6407454677086,1.13378,Health services,Buy
CBRE,CBRE Group Inc,122.36,USD,-0.8106355382619975,2044353,1.228342190210193,37494949593.48184,USD,40.96006427208516,2.9873,USD,13.116740505130828,0,Finance,Buy
CTSH,Cognizant Technology Solutions Corporation,75.53,USD,-0.6706996317727578,1766934,0.5619539528481078,37437046092.874146,USD,17.219524428333674,4.3863,USD,2.36644962542883,1.56497,Technology services,Neutral
YUM,"Yum! Brands, Inc.",133.09,USD,-0.530642750373698,1396126,0.6248122879281541,37420251840.381836,USD,24.37456503424783,5.4602,USD,10.258067121683291,1.95441,Consumer services,Buy
EA,Electronic Arts Inc.,141.48,USD,-0.11296243998870135,1512674,0.6009582522894472,37379008930.994354,USD,33.24326229469678,4.2559,USD,31.81057978196232,0.536572,Technology services,Buy
DOW,Dow Inc.,52.84,USD,-1.1412535079513553,3863191,0.815417290538404,37036667252.386154,USD,32.702067087510834,1.6158,USD,-33.30030959752322,5.23854,Process industries,Neutral
EFX,"Equifax, Inc.",292.13,USD,-2.7303299703659274,797047,0.6517113855768993,36147111977.69846,USD,62.32106666666667,4.6875,USD,10.330461799180913,0.519429,Commercial services,Buy
DD,"DuPont de Nemours, Inc.",85.94,USD,-1.3431293766502144,1396780,0.7232548133923565,35879530622.46837,USD,56.4503415659485,1.5224,USD,-84.29527847409196,1.72196,Process industries,Buy
BKR,Baker Hughes Company,36.05,USD,-0.7980187121629231,7287967,0.8210682238342606,35812924754.031364,USD,18.247620975906052,1.9756,USD,74.32277419924117,2.28398,Industrial services,Buy
XEL,Xcel Energy Inc.,64.19,USD,0.03116721209287209,2882874,0.651554389009526,35785967075.10955,USD,19.180660969342018,3.3466,USD,6.072900158478613,3.3271,Utilities,Buy
ED,"Consolidated Edison, Inc.",103.16,USD,0.3306749659599333,1151089,0.6744822430642541,35708543630.98697,USD,20.06301295266249,5.1418,USD,-26.039613929604005,3.20949,Utilities,Neutral
RMD,ResMed Inc.,240.75,USD,-2.5895205340886123,925413,0.8293044882091926,35373909160.23266,USD,34.78242024965326,6.9216,USD,13.65144001839019,0.797087,Health technology,Buy
NUE,Nucor Corporation,148.88,USD,-1.1486621074297976,986079,0.5384428595446722,35334883473.37202,USD,10.738216307836561,13.8645,USD,-35.97907296755663,1.41425,Non-energy minerals,Buy
IRM,Iron Mountain Incorporated (Delaware),119.32,USD,0.1258706050180343,1177762,0.6849271731088614,34956828588,USD,153.42677124855342,0.7777,USD,-39.97839005942734,2.18176,Finance,Buy
HPQ,HP Inc.,36.05,USD,0.5859374999999825,6621992,0.6383303617325741,34742028081.10351,USD,12.646904051920716,2.8505,USD,26.852387521694617,3.03934,Electronic technology,Buy
VICI,VICI Properties Inc.,33.04,USD,-0.24154589371980165,3117983,0.49264281813705235,34682359682,USD,12.978748477825352,2.5457,USD,17.25932749884847,5.01208,Finance,Strong buy
HIG,"Hartford Financial Services Group, Inc. (The)",116.63,USD,0.13737443118399295,892909,0.6179161205140894,34174273891.062336,USD,12.258647691321302,9.5141,USD,52.85413620808763,1.57551,Finance,Buy
DFS,Discover Financial Services,135.92,USD,-0.4030189785300882,940124,0.6982652402840852,34125645172.111084,USD,12.04558747939524,11.2838,USD,,2.05173,Finance,Buy
TRGP,"Targa Resources, Inc.",155.55,USD,-0.5816183049980803,941893,0.5319827118736159,34077850650.603027,USD,32.608012074712285,4.7703,USD,28.63499083162549,1.59785,Utilities,Strong buy
GRMN,Garmin Ltd.,173.15,USD,-1.5129969853819445,611546,0.6162134471339715,33281822715.146744,USD,24.227965354639206,7.1467,USD,38.079137524633886,1.67226,Electronic technology,Neutral
LULU,lululemon athletica inc.,259.74,USD,-1.4456459874786576,1741395,0.88083788186359,33218808190.78292,USD,20.069851179897697,12.9418,USD,63.90531794982206,0,Retail trade,Buy
EIX,Edison International,85.5,USD,-0.5119851058878261,1907586,0.90603240766248,33018113730.73656,USD,34.373241135322026,2.4874,USD,0.6351903548165341,3.58099,Utilities,Buy
LVS,Las Vegas Sands Corp.,44.82,USD,0.9914375844975163,8223813,1.3901972904533368,33006872398.384407,USD,21.02251407129456,2.132,USD,2840.6896551724144,1.80261,Consumer services,Buy
VMC,Vulcan Materials Company (Holding Company),249.63,USD,-0.09604994597190902,922058,0.9397155368521123,32966140355.543037,USD,36.400886581702586,6.8578,USD,26.34584914698404,0.724377,Non-energy minerals,Buy
EL,"Estee Lauder Companies, Inc. (The)",91.61,USD,-0.4022613611654757,4799095,1.098558099502351,32885611225.537945,USD,84.83978514539729,1.0798,USD,-61.24331502817558,2.87019,Consumer non-durables,Buy
MLM,"Martin Marietta Materials, Inc.",536.01,USD,0.01679355127631584,401361,0.8847511742719162,32759351061.683216,USD,16.248192573865754,32.9889,USD,116.57202129684944,0.552321,Non-energy minerals,Buy
AVB,"AvalonBay Communities, Inc.",229.65,USD,-0.21724961981316535,681793,0.8146972510675834,32731194933,USD,38.8657595450853,5.9088,USD,-33.464704358890614,2.91114,Finance,Buy
XYL,Xylem Inc.,133.61,USD,0.4284425736620728,971787,0.7938048413104245,32452916500.496395,USD,42.345968559837736,3.1552,USD,67.90123456790123,1.05983,Producer manufacturing,Buy
WAB,Westinghouse Air Brake Technologies Corporation,181.86,USD,0.6865241944413737,1092712,0.901867986035437,31858820899.277927,USD,31.800377701615727,5.7188,USD,52.51760187753361,0.426309,Producer manufacturing,Buy
DAL,"Delta Air Lines, Inc.",48.75,USD,1.987447698744776,9203392,1.1240495679005538,31464190934.15272,USD,7.009547362972336,6.9548,USD,49.44667683778499,0.941423,Transportation,Strong buy
EBAY,eBay Inc.,64.1,USD,-2.047677261613697,5110742,0.7100927855099162,31344901169.55073,USD,12.498050226173763,5.1288,USD,107.1489155458621,1.6198,Retail trade,Neutral
LYB,LyondellBasell Industries NV,94.86,USD,-1.2903225806451561,2044514,0.758227115818371,30837964190.980644,USD,13.350785340314136,7.1052,USD,10.471570502355517,5.39022,Process industries,Buy
MTD,"Mettler-Toledo International, Inc.",1420.36,USD,-1.5457557567271694,91365,1.031483590983141,30335152597.849358,USD,39.08347710756513,36.3417,USD,-8.633641560949105,0,Health technology,Neutral
TSCO,Tractor Supply Company,280.86,USD,1.185286594372598,625297,0.9541046456254024,30296052637.494118,USD,27.097745231410464,10.3647,USD,3.5072651919907987,1.55997,Retail trade,Buy
CSGP,"CoStar Group, Inc.",73.7,USD,-3.45821325648415,1983027,0.8610312339060885,30203499179.48127,USD,141.02564102564105,0.5226,USD,-45.01262626262627,0,Technology services,Buy
WEC,"WEC Energy Group, Inc.",94.6,USD,0.0634651999153671,1283871,0.622407043330573,29901112166.58768,USD,21.844043688087375,4.3307,USD,1.2176880287944714,3.47472,Utilities,Neutral
AXON,"Axon Enterprise, Inc.",395.26,USD,0.40644210740231823,534495,0.9487988218808369,29871514230.437027,USD,104.42248758321885,3.7852,USD,182.07765109173556,0,Electronic technology,Strong buy
ON,ON Semiconductor Corporation,69.65,USD,-1.1636157230026865,3331439,0.5717807352790367,29835005677.007244,USD,15.858739953095474,4.3919,USD,0.6923905816539373,0,Electronic technology,Buy
PPG,"PPG Industries, Inc.",127.84,USD,-0.374064837905229,1229941,0.849544349551084,29825074092.144638,USD,20.95188147371181,6.1016,USD,9.431999569560773,2.04956,Process industries,Buy
CDW,CDW Corporation,221.28,USD,-1.337613697164259,506891,0.7143496350466801,29557600092.616375,USD,27.109673625404294,8.1624,USD,3.7456944214954784,1.10576,Technology services,Buy
WTW,Willis Towers Watson Public Limited Company,290.39,USD,0.4080080218526354,682658,1.2534754087403845,29490821527.141182,USD,27.730402314766184,10.4719,USD,6.459614700350741,1.18945,Finance,Buy
BRO,"Brown & Brown, Inc.",103.35,USD,-0.009674922600624145,1523810,0.6732485953461411,29481723111.11987,USD,29.748711896606313,3.4741,USD,34.75427640510453,0.503096,Finance,Buy
NVR,"NVR, Inc.",9516.84,USD,-1.3194609341057582,19848,0.8646595250645837,29288960530.87287,USD,19.665517339711045,483.9354,USD,3.3225406646618647,0,Consumer durables,Buy
ROK,"Rockwell Automation, Inc.",258.04,USD,-1.5039315978318946,738043,0.9354612442481358,29279125082.952286,USD,29.289776274418553,8.8099,USD,-28.211375488917856,1.90854,Producer manufacturing,Neutral
PHM,"PulteGroup, Inc.",140.46,USD,-1.9544883428730861,1641272,0.6822283730373493,29148824500.02611,USD,10.70791467821367,13.1174,USD,8.489856007410536,0.530504,Consumer durables,Buy
MTB,M&T Bank Corporation,172.66,USD,-1.21860518336289,938894,0.7357013157376128,28836333398.307682,USD,12.808795382720813,13.4798,USD,,3.0036,Finance,Buy
EQR,Equity Residential,75.19,USD,-0.1195536663124381,1482713,0.8417256797654429,28541347399,USD,30.36875479623571,2.4759,USD,12.592087312414751,3.5534,Finance,Buy
FITB,Fifth Third Bancorp,42.1,USD,-1.6814572629612303,3813556,0.9005469960439092,28493171360.95983,USD,13.455207900540127,3.1289,USD,,3.2695,Finance,Buy
AWK,"American Water Works Company, Inc.",144.12,USD,-0.6343077771649114,1082264,0.8577100938551344,28083659608.158302,USD,29.396646677273285,4.9026,USD,2.3635528458679578,2.03047,Utilities,Neutral
ANSS,"ANSYS, Inc.",319.38,USD,-1.4836978315185547,391903,1.0783775536288545,27909546077.623558,USD,56.51243032823144,5.6515,USD,-5.7297748123436145,0,Technology services,Neutral
ADM,Archer-Daniels-Midland Company,58.14,USD,-4.264778527910417,3304448,0.9781374188517235,27799177345.70624,USD,11.654806053924025,4.9885,USD,-33.41386582663712,3.21093,Process industries,Neutral
ETR,Entergy Corporation,129.74,USD,-0.22302545566407142,2641013,1.1011995761173878,27742413059.67254,USD,15.507081814378774,8.3665,USD,27.561444166615857,3.47612,Utilities,Buy
K,Kellanova,80.59,USD,-0.09916945580760914,1627379,0.6228485965804582,27718684913.78827,USD,30.62511875356261,2.6315,USD,4.707146267706513,2.82633,Consumer non-durables,Neutral
BIIB,Biogen Inc.,189.07,USD,-2.601483618380389,1543799,1.2023345461047856,27540244892.909847,USD,23.8126424766055,7.9399,USD,-56.764718694866154,0,Health technology,Buy
VLTO,Veralto Corp,111.04,USD,-0.3231597845601431,1451977,0.6753232824226705,27438694979.94973,USD,34.72387266245544,3.1978,USD,-9.315713353940392,0.24237,Technology services,Buy
VTR,"Ventas, Inc.",64.89,USD,1.4540337711069413,1628546,0.4841932682000537,27256055874,USD,,-0.3903,USD,-305.63751317175974,2.81426,Finance,Buy
SMCI,"Super Micro Computer, Inc.",458.15,USD,-1.1777140268760458,4998440,0.8607687545095757,26827671623.14208,USD,23.01937415840987,19.9028,USD,73.94359427028255,0,Electronic technology,Buy
DXCM,"DexCom, Inc.",66.73,USD,-2.8109525196620924,4131283,1.0005265058393953,26740501232.945385,USD,41.12028592556076,1.6228,USD,89.33613347334034,0,Health technology,Buy
FTV,Fortive Corporation,76.17,USD,-1.4235796557525486,1056911,0.44126024685684145,26685524210.458393,USD,30.55600128369705,2.4928,USD,11.166607206564393,0.401191,Electronic technology,Buy
IFF,"International Flavors & Fragrances, Inc.",104,USD,-0.5641074672530867,1121566,0.8633608448137274,26588552169.27048,USD,,-9.2274,USD,-8.183459563392484,2.3138,Consumer non-durables,Buy
KEYS,Keysight Technologies Inc.,152.73,USD,-0.8826010772925003,748683,0.8944533078081203,26505277579.55889,USD,29.388108524148546,5.197,USD,-17.448971487570482,0,Electronic technology,Buy
STT,State Street Corporation,88.5,USD,-0.4611404791362014,1881659,0.8094701075237363,26427870655.961086,USD,16.62346444269131,5.3238,USD,,3.10426,Finance,Neutral
TTWO,"Take-Two Interactive Software, Inc.",150.77,USD,-0.08614976805831374,841562,0.449434877945631,26427383050.057655,USD,,-22.2744,USD,-205.68570134628845,0,Technology services,Buy
CAH,"Cardinal Health, Inc.",108.82,USD,-1.2433070151556445,3034954,1.5955401584618873,26330259541.292492,USD,31.37831603229527,3.468,USD,250.26764973235026,1.82176,Distribution services,Buy
DOV,Dover Corporation,190.22,USD,-1.2511031511187232,571164,0.5423966898041799,26147190346.11161,USD,17.737288214615408,10.7243,USD,48.69252953247185,1.06162,Producer manufacturing,Buy
SBAC,SBA Communications Corporation,239.33,USD,-1.0951318290767738,484304,0.6424812865438891,26006184900,USD,50.42135423250327,4.7466,USD,1.9436867764867503,1.56625,Finance,Buy
DTE,DTE Energy Company,125.54,USD,0.19953707398834702,964788,0.8251728047782615,25989301104.520397,USD,18.73703377561529,6.7001,USD,4.364553965015028,3.20257,Utilities,Buy
FSLR,"First Solar, Inc.",241.72,USD,-1.2299268581702247,1369894,0.5807049209563415,25875379394.05402,USD,21.590239196841672,11.1958,USD,669.3650357339197,0,Electronic technology,Buy
HPE,Hewlett Packard Enterprise Company,19.85,USD,5.137711864406793,24344058,0.9261565894990297,25778570149.75636,USD,14.14220575662582,1.4036,USD,71.98872687170689,2.70127,Electronic technology,Buy
RJF,"Raymond James Financial, Inc.",125.1,USD,0.7570876288659776,1006221,0.9490857529468724,25763524562.23985,USD,14.119001399485349,8.8604,USD,11.941580756013755,1.42558,Finance,Buy
HAL,Halliburton Company,28.87,USD,-3.67033700367033,14353252,1.4569114557383749,25487257956.931934,USD,9.58817668548655,3.011,USD,11.025073746312682,2.2022,Industrial services,Strong buy
FE,FirstEnergy Corp.,43.79,USD,0.32073310423826024,2666653,0.7267592840726644,25219643842.22222,USD,28.830074395944436,1.5189,USD,90.24298597194388,3.82589,Utilities,Buy
CHD,"Church & Dwight Company, Inc.",102.94,USD,-0.19391118867558935,904840,0.5458918297517804,25201253060.904594,USD,31.703110563597168,3.247,USD,80.37886784067551,1.08954,Consumer non-durables,Neutral
ERIE,Erie Indemnity Company,538.95,USD,-1.0810513178180725,118297,0.17794500051369194,25099100984.897858,USD,53.53045758385396,10.0681,USD,49.869750963842854,0.920454,Finance,Buy
DVN,Devon Energy Corporation,39.8,USD,-2.95049987807852,8386540,1.034961068668565,24922759466.227745,USD,7.21445791868327,5.5167,USD,-24.48256036795707,4.99878,Energy minerals,Buy
NTAP,"NetApp, Inc.",121.68,USD,-1.0329402196014608,1511396,0.9370338726179862,24917956410.360638,USD,23.718835890138596,5.1301,USD,-7.142469274349747,1.64294,Electronic technology,Neutral
SW,Smurfit WestRock plc,47.8,USD,0.631578947368415,4339426,0.7760601906059228,24775976428.008423,USD,19.871128663479524,2.4055,USD,-40.84157198367026,3.31124,Process industries,Buy
TYL,"Tyler Technologies, Inc.",580.04,USD,-0.8732803554644132,171545,0.4825192429669821,24751853431.582127,USD,120.220527275742,4.8248,USD,24.881584055907844,0,Technology services,Buy
GPN,Global Payments Inc.,97.06,USD,-6.50226375108371,8009288,3.355526324642641,24695651333.299103,USD,17.791545991128057,5.4554,USD,81.90730243414471,0.963298,Commercial services,Buy
LYV,"Live Nation Entertainment, Inc.",106.95,USD,-0.4468025691147761,2276825,0.9183138767851527,24632605722.837193,USD,102.24665391969407,1.046,USD,-1.2275731822473939,0,Consumer services,Strong buy
ROL,"Rollins, Inc.",50.76,USD,0.059136605558843175,1586906,0.9959813818902287,24583770437.15198,USD,53.600844772967264,0.947,USD,19.54052007068921,1.18273,Consumer services,Buy
WY,Weyerhaeuser Company,32.97,USD,-2.39786856127887,5299117,1.1235268320864205,24568699895,USD,32.34255444379046,1.0194,USD,6.945027276542177,2.33866,Finance,Buy
MRNA,"Moderna, Inc.",63.64,USD,-0.46918986549890085,4524356,0.5370895366310046,24462962608.49171,USD,,-15.3848,USD,-665.2435888015284,0,Health technology,Neutral
BR,"Broadridge Financial Solutions, Inc.",208.37,USD,-1.0259820453142054,356192,0.6773244664333692,24318619138.798176,USD,35.525283868107884,5.8654,USD,10.764059372285386,1.51997,Technology services,Buy
PPL,PPL Corporation,32.74,USD,0.5219527172244448,5073907,0.982938878775514,24154698120.44581,USD,28.828035572774503,1.1357,USD,16.673515512636108,3.05496,Utilities,Buy
TROW,"T. Rowe Price Group, Inc.",107.46,USD,-1.8361194847903581,1050636,0.8229803070364912,23920360804.25048,USD,12.69582476784575,8.4642,USD,26.286106469324423,4.49438,Finance,Sell
ES,Eversource Energy (D/B/A),66.13,USD,-0.5862898376428151,1554839,0.7088165808955382,23633849322.241436,USD,,-0.2755,USD,-108.1741039639212,4.17919,Utilities,Buy
DECK,Deckers Outdoor Corporation,154.5,USD,0.06476683937823466,1362023,0.7313792645711303,23555600539.39119,USD,29.528123387420443,5.2323,USD,55.681513880210666,0,Consumer non-durables,Buy
STE,STERIS plc (Ireland),236.41,USD,-0.7681329751511133,260648,0.5940054781558592,23313985221.50054,USD,58.7222732805087,4.0259,USD,233.32505381685712,0.873069,Health technology,Buy
AEE,Ameren Corporation,86.34,USD,1.0888654724271243,1860376,1.3020259838859958,23036955852.265545,USD,19.554287267291752,4.4154,USD,3.354322230284871,3.04414,Utilities,Buy
HUBB,Hubbell Inc,424.13,USD,-0.17182130584192867,456953,1.1298949015480906,22767692518.654636,USD,31.352242402738042,13.5279,USD,15.762585680178681,1.14861,Producer manufacturing,Buy
STX,Seagate Technology Holdings PLC,107.76,USD,1.0597392853793584,1695322,0.7993680580761909,22682361300.014633,USD,70.52817592774396,1.5279,USD,,2.6259,Electronic technology,Buy
WDC,Western Digital Corporation,66,USD,-0.6921456515197018,3790678,0.8000982741758746,22667805229.581703,USD,,-1.8764,USD,65.33722498291245,0,Electronic technology,Buy
CCL,Carnival Corporation,18.04,USD,-3.683929524826488,32886923,1.1426947064852153,22605369051.8441,USD,27.685696746470228,0.6516,USD,,0,Consumer services,Buy
MKC,"McCormick & Company, Incorporated",83.38,USD,-0.45367717287489207,1246806,0.7311294823026527,22392427039.9957,USD,30.40957000620008,2.7419,USD,5.77093700574779,1.96991,Consumer non-durables,Neutral
GDDY,GoDaddy Inc.,158.81,USD,0.6591874247321999,735356,0.6101270051118826,22387870568.337833,USD,12.701751579620892,12.503,USD,505.2083837552641,0,Technology services,Buy
BLDR,"Builders FirstSource, Inc.",191.91,USD,-0.5699186570643979,1213024,0.615927123604125,22348766024.84363,USD,16.85653804600831,11.3849,USD,-11.78735801397778,0,Retail trade,Buy
WST,"West Pharmaceutical Services, Inc.",303.33,USD,-2.059991605049884,412047,0.9585341683105668,22004041543.73543,USD,43.14302782044717,7.0308,USD,2.459924220343924,0.258306,Health technology,Buy
INVH,Invitation Homes Inc.,35.58,USD,0.08438818565401164,4997962,0.8714671854452506,21777718194,USD,79.31341952741863,0.4486,USD,-12.910114540865852,3.8256,Finance,Buy
ARE,"Alexandria Real Estate Equities, Inc.",124.26,USD,-0.12056908608632062,1271191,1.012915642382469,21762553154,USD,153.27494757616876,0.8107,USD,-76.00059206631144,4.08327,Finance,Buy
ZBH,"Zimmer Biomet Holdings, Inc.",106.5,USD,-1.215100640014843,1312588,0.7664253352659777,21688977368.74594,USD,22.202301534356238,4.7968,USD,99.52581007445613,0.890455,Health technology,Neutral
COO,"The Cooper Companies, Inc.",108.41,USD,-1.3108784706417822,1468858,1.4048358378140515,21590459285.83696,USD,60.398908017159734,1.7949,USD,29.745554431111753,0,Health technology,Buy
WRB,W.R. Berkley Corporation,56.39,USD,-0.45895851721094094,1735594,0.8337138202570004,21459248807.815357,USD,14.80674298918181,3.8084,USD,25.43310717344048,0.52955,Finance,Buy
TER,"Teradyne, Inc.",130.63,USD,-0.2976644787055524,1736544,0.9304753968498914,21315692865.21775,USD,42.99868334430546,3.038,USD,-9.923799922910433,0.351091,Electronic technology,Buy
LDOS,"Leidos Holdings, Inc.",158,USD,-0.28400126222782496,582152,0.7496337475802617,21284764085.465446,USD,49.56707240557159,3.1876,USD,-37.86839232808357,0.946671,Electronic technology,Buy
CBOE,"Cboe Global Markets, Inc.",203.1,USD,-1.758289597794287,680161,1.0093467125197333,21251189251.122448,USD,28.108781399211125,7.2255,USD,18.48578268997409,1.10286,Finance,Neutral
ATO,Atmos Energy Corporation,136.58,USD,0.07327080890974703,761541,0.8152082806571926,21201699784.900063,USD,20.06699773735712,6.8062,USD,16.404994014024272,2.35932,Utilities,Buy
PTC,PTC Inc.,176.2,USD,-0.8943135159457808,443479,0.5589455883870941,21167826905.89572,USD,71.89782511119272,2.4507,USD,-5.011627906976752,0,Technology services,Buy
CPAY,"Corpay, Inc.",304.72,USD,-1.2796838047105286,324552,0.6658256792744339,21157610322.190563,USD,22.13730475844533,13.765,USD,10.927552582802804,0,Commercial services,Buy
CINF,Cincinnati Financial Corporation,135.22,USD,-0.7122402525882949,443480,0.788732654880021,21126794554.94104,USD,9.922000542987753,13.6283,USD,59.26492929765104,2.29092,Finance,Buy
BBY,"Best Buy Co., Inc.",97.84,USD,-1.1517478278440094,2147002,0.8837521636883657,21008719196.419476,USD,16.87041986378136,5.7995,USD,-0.30255625655395024,3.75834,Retail trade,Buy
EQT,EQT Corporation,35.16,USD,-1.346801346801358,5574611,0.7725814106436163,20909491121.296295,USD,22.301154382849166,1.5766,USD,-82.2474946515032,1.76768,Energy minerals,Buy
HBAN,Huntington Bancshares Incorporated,14.37,USD,-0.9648518263266752,10524001,0.7686928326302627,20871460546.20951,USD,13.664891593761885,1.0516,USD,,4.27292,Finance,Buy
CMS,CMS Energy Corporation,69.83,USD,-0.3567351598173516,1828952,0.7525427581206082,20860276722.261127,USD,21.494751746852586,3.2487,USD,29.859695407123148,2.90026,Utilities,Buy
RF,Regions Financial Corporation,22.54,USD,-1.657940663176276,5024560,0.6282737413208885,20626914817.228622,USD,12.662209988202909,1.7801,USD,,4.18848,Finance,Buy
TDY,Teledyne Technologies Incorporated,433.51,USD,-0.40663480977761024,149988,0.6988261111641744,20281424562.418926,USD,23.58583467989837,18.3801,USD,14.350328179923475,0,Electronic technology,Buy
TSN,"Tyson Foods, Inc.",57.96,USD,-4.23000660938533,3450885,1.5618069844561762,20218116428.208855,USD,,-0.0156,USD,-101.66169578184916,3.2386,Consumer non-durables,Neutral
MOH,Molina Healthcare Inc,344.5,USD,-0.5169077940454592,324408,0.6584945529390989,20187699972.144733,USD,18.863275475004105,18.263,USD,15.769589167876378,0,Health services,Buy
CLX,Clorox Company (The),162.97,USD,-0.9842639285497324,1180304,1.0298272848599237,20185716252.47743,USD,72.76745847472763,2.2396,USD,86.9449081803005,2.92849,Consumer non-durables,Neutral
WAT,Waters Corporation,340,USD,-1.1167985109353116,553891,1.624563422649111,20183054975.6282,USD,33.87635131769043,10.0365,USD,-11.420502184369626,0,Health technology,Neutral
BALL,Ball Corporation,66.43,USD,-1.0574918081620401,1051340,0.6780877067563165,20165851310.88055,USD,,-1.5753,USD,-162.62871228084126,1.19154,Process industries,Buy
WBD,"Warner Bros. Discovery, Inc. - Series A",8.19,USD,-1.5625000000000093,29708239,0.7776387723154133,20081127447.281246,USD,,-4.8066,USD,-73.90643655703897,0,Consumer services,Buy
DRI,"Darden Restaurants, Inc.",168.11,USD,-1.7532581380398573,2012172,1.2379574021555844,19914956935.84069,USD,19.412240184757508,8.66,USD,7.775786539227406,3.11496,Consumer services,Buy
OMC,Omnicom Group Inc.,100.65,USD,-1.0616337363609538,919435,0.6813769010610815,19692057350.582424,USD,13.903085891095948,7.2394,USD,6.605996348000234,2.75238,Commercial services,Buy
PFG,Principal Financial Group Inc,84.92,USD,-0.43381404619533886,918321,0.6827505526822234,19666090135.840076,USD,16.550380042876633,5.131,USD,-20.6869367628646,3.18912,Finance,Neutral
BAX,Baxter International Inc.,38.34,USD,-1.6418676244227641,3648950,1.166454582562254,19560208256.482815,USD,,-0.7976,USD,85.91360248666597,2.97589,Health technology,Neutral
GPC,Genuine Parts Company,138.52,USD,-0.8162680796219293,888317,1.1446969510511282,19298292987.341835,USD,16.032964107550033,8.6397,USD,0.9723601940045546,2.7925,Distribution services,Neutral
ESS,"Essex Property Trust, Inc.",297.5,USD,-0.9093028678013583,570210,1.1604340052892232,19280139474,USD,36.85305849416545,8.0726,USD,-1.8087163830537731,3.1709,Finance,Neutral
PKG,Packaging Corporation of America,214.33,USD,-0.3672368910375567,504092,0.9108735562397907,19249365519.061455,USD,26.907625480201876,7.9654,USD,-15.795593894033576,2.32428,Process industries,Neutral
J,Jacobs Solutions Inc.,154.08,USD,2.4059550711152493,1066209,1.539076804221036,19144183411.638973,USD,30.424137113972044,5.0644,USD,-12.724891431722623,0.75103,Technology services,Buy
SYF,Synchrony Financial,48.2,USD,-0.020742584526027816,2160970,0.5436007294060885,19049925834.229412,USD,6.692306624272802,7.2023,USD,33.36357744653273,2.07426,Finance,Buy
MAA,"Mid-America Apartment Communities, Inc.",161.56,USD,-0.8165019338203597,765657,0.8908565548478257,19037963791,USD,36.77501593371574,4.3932,USD,-14.128225175918677,3.56682,Finance,Buy
STLD,"Steel Dynamics, Inc.",123.34,USD,-1.0668163952835472,1022970,0.49374129562384206,19031674512.119034,USD,9.890541678360933,12.4705,USD,-27.27765758305585,1.41975,Non-energy minerals,Neutral
ULTA,"Ulta Beauty, Inc.",402.26,USD,-0.059627329192548845,1318416,1.195643716281107,18952370091.51493,USD,16.141795476798123,24.9204,USD,-0.004413859518893281,0,Retail trade,Buy
EXPE,"Expedia Group, Inc.",145.49,USD,-1.6427798810167513,1744545,1.2276979241497188,18939807979.851273,USD,26.006363506363506,5.5944,USD,-1.376817981489644,0,Consumer services,Buy
ZBRA,Zebra Technologies Corporation,364.97,USD,0.14817660456055223,207140,0.5691925950554931,18825285154.12359,USD,82.24861405327444,4.4374,USD,-64.5682620290966,0,Electronic technology,Buy
APTV,Aptiv PLC,70.56,USD,-2.1494938288725516,2799653,0.7431003670017129,18752032907.4758,USD,5.331479606486029,13.2346,USD,302.0963723643435,0,Producer manufacturing,Buy
CNP,"CenterPoint Energy, Inc (Holding Co)",28.62,USD,-0.20920502092049764,3694332,0.6134094260169353,18652260696.10042,USD,17.711492047775234,1.6159,USD,40.00173280194074,2.7894,Utilities,Neutral
HOLX,"Hologic, Inc.",79.86,USD,-1.6623568526043524,1714594,1.2196453356262877,18549234652.84817,USD,27.251322299948814,2.9305,USD,51.65079693645208,0,Health technology,Buy
DG,Dollar General Corporation,84.26,USD,-0.858924579362266,2876539,0.6598876905418511,18530053583.126724,USD,13.092999766917877,6.4355,USD,-34.05912188124391,2.7768,Retail trade,Neutral
FOX,Fox Corporation,38.44,USD,-1.0808028821410234,959696,0.7662876732728013,18460018314.054554,USD,12.266258216861319,3.1338,USD,35.668210745053905,1.33814,Consumer services,Buy
NRG,"NRG Energy, Inc.",89.24,USD,1.5013648771610477,2437525,0.8602582887109437,18417334912.075974,USD,9.573361082206034,9.3217,USD,,1.81984,Utilities,Neutral
LH,Labcorp Holdings Inc.,218.61,USD,-0.9020852221214782,454060,0.7889224899204145,18355211420.904675,USD,41.51427106477525,5.2659,USD,-43.129144437004555,1.30553,Health services,Buy
NTRS,Northern Trust Corporation,90.79,USD,-0.6782627721255775,1090145,0.8975431829629772,18306702329.831528,USD,12.435112517291916,7.3011,USD,,3.28192,Finance,Neutral
ALGN,"Align Technology, Inc.",242.45,USD,-2.634432352114374,464591,0.6520030043802651,18110301707.640656,USD,41.13016777783432,5.8947,USD,45.061029628900485,0,Health technology,Buy
CFG,"Citizens Financial Group, Inc.",40.24,USD,-1.2757605495583808,4774291,0.9130459020478502,18039610414.045147,USD,15.323686214775325,2.626,USD,,4.12169,Finance,Buy
MAS,Masco Corporation,82.31,USD,-0.8910295003010174,861205,0.5742021257089975,17964062708.216255,USD,20.097177458736205,4.0956,USD,15.753773104968637,1.39073,Producer manufacturing,Buy
EXPD,"Expeditors International of Washington, Inc.",127.06,USD,-0.8118657298985106,869644,0.8943393936776202,17931705906.478218,USD,27.280730005367687,4.6575,USD,-30.199622336120857,1.10851,Transportation,Sell
VRSN,"VeriSign, Inc.",182.44,USD,-0.78311942571242,683950,0.9185583435302107,17806144194.465084,USD,21.830800526504728,8.357,USD,23.531063842367427,0,Technology services,Buy
UAL,"United Airlines Holdings, Inc.",54.11,USD,0.8950214432220713,7416178,1.0710572528462563,17793202294.695694,USD,6.137564937274562,8.8162,USD,9.3739920105203,0,Transportation,Strong buy
AVY,Avery Dennison Corporation,218.82,USD,0.15562065177590784,731221,1.139739204858342,17619179977.262726,USD,28.107177721831167,7.7852,USD,12.22233433756649,1.51501,Process industries,Buy
JBHT,"J.B. Hunt Transport Services, Inc.",171.74,USD,-1.570380559376422,635032,0.7179671090402542,17515166940.362103,USD,29.549716960030285,5.8119,USD,-29.040962090226486,0.980055,Transportation,Buy
FDS,FactSet Research Systems Inc.,457.81,USD,-1.2851197792008928,312634,0.7106272683444526,17415087167.1242,USD,32.92791691240991,13.9034,USD,15.57369554194133,0.871121,Technology services,Neutral
CTRA,Coterra Energy Inc.,23.27,USD,-2.0622895622895707,5189224,0.7712062074768093,17202915780.626682,USD,13.419838523644751,1.734,USD,-56.30150449837454,3.49327,Energy minerals,Strong buy
L,Loews Corporation,78.06,USD,-0.1279426816786007,689553,1.0900117702738463,17135459573.97083,USD,11.446754846467432,6.8194,USD,30.153640614562466,0.319857,Finance,
HRL,Hormel Foods Corporation,31.11,USD,-0.19249278152070026,3227598,1.3834818525483306,17059593114.072187,USD,21.85458377239199,1.4235,USD,-10.852955911823647,3.60122,Consumer non-durables,Neutral
LUV,Southwest Airlines Company,28.39,USD,-4.571428571428569,10392570,1.4750343059372708,17010066730.908571,USD,240.79728583545378,0.1179,USD,-86.35890315862548,2.42017,Transportation,Neutral
DGX,Quest Diagnostics Incorporated,152.49,USD,-0.3854193885550061,697470,0.9596044856112985,16974761149.885485,USD,20.56728979525775,7.4142,USD,8.044067500218596,1.9075,Health services,Buy
PODD,Insulet Corporation,238.8,USD,-0.08786243253419503,376548,0.48819009319547163,16743577706.248274,USD,43.36614244724513,5.5066,USD,514.1646219049743,0,Health technology,Buy
IP,International Paper Company,48.09,USD,-1.1307565789473626,2454347,0.6164181899030459,16705473406.185444,USD,36.90430511856343,1.3031,USD,-69.33665905828647,3.80345,Process industries,Buy
EG,"Everest Group, Ltd.",382.85,USD,-0.07569034817559211,381935,1.095822455731424,16567278533.563581,USD,5.649104789897864,67.7718,USD,125.42509313464609,1.89226,Finance,Buy
GEN,Gen Digital Inc.,26.74,USD,-1.6911764705882384,2268896,0.5604034694739005,16459139614.82206,USD,28.038167138513156,0.9537,USD,-54.241435562805876,1.83824,Technology services,Neutral
SWK,"Stanley Black & Decker, Inc.",105.58,USD,-1.630485418801826,929659,0.683102156822836,16255043011.549425,USD,,-1.8087,USD,-134.5646690108546,3.01873,Consumer durables,Neutral
DOC,"Healthpeak Properties, Inc.",22.8,USD,0.13175230566535415,6715200,1.1514252453894465,16241646481,USD,49.07447266465777,0.4646,USD,-51.9047619047619,5.27009,Finance,Buy
TXT,Textron Inc.,85.49,USD,-1.3728657129672495,1199551,1.0922725752078963,16017624356.10406,USD,18.079346952586388,4.7286,USD,8.685958581377717,0.0922935,Electronic technology,Buy
AMCR,Amcor plc,11.08,USD,-0.9830205540661255,6331810,0.676799792327821,16014402739.174265,USD,21.988489779718197,0.5039,USD,-28.49439477791968,4.44593,Process industries,Neutral
PNR,Pentair plc.,96.46,USD,-0.16559718484786876,1204349,0.8334080692043093,15963912618.574621,USD,24.418398602637772,3.9503,USD,32.720736460153205,0.941834,Producer manufacturing,Buy
KIM,Kimco Realty Corporation (HC),23.36,USD,-1.142615319509097,4962743,1.1603166493463546,15929270310,USD,44.00904295403164,0.5308,USD,-12.567945972656883,4.02031,Finance,Buy
IEX,IDEX Corporation,209.04,USD,-1.6189759036144569,814637,0.9526999970996947,15825038346.411144,USD,27.32977721995607,7.6488,USD,-1.1565847796027569,1.25188,Producer manufacturing,Buy
SWKS,"Skyworks Solutions, Inc.",97.18,USD,-1.5699382153347485,1935156,0.8524013204768394,15521237328.651878,USD,20.051169892295633,4.8466,USD,-25.28634632875488,2.77525,Electronic technology,Neutral
CAG,"ConAgra Brands, Inc.",32.29,USD,-0.09282178217822135,2848751,0.4680572154911004,15468514105.657177,USD,44.79123318074629,0.7209,USD,-49.367888748419716,4.33168,Consumer non-durables,Neutral
KEY,KeyCorp,16.38,USD,-1.4440433212996509,10596176,0.9138274430776501,15449546997.032488,USD,21.339239187076604,0.7676,USD,,4.93381,Finance,Buy
LNT,Alliant Energy Corporation,59.95,USD,-0.16652789342213875,1179703,0.890402366953227,15377149191.050795,USD,24.48937908496732,2.448,USD,-6.436324720990679,3.15154,Utilities,Buy
ENPH,"Enphase Energy, Inc.",113.29,USD,-2.913702973690969,1918529,0.6882863893953048,15341975655.535694,USD,123.81420765027323,0.915,USD,-76.85770651019273,0,Electronic technology,Buy
NI,NiSource Inc,34.18,USD,-0.20437956204379645,4066837,1.0292152704820088,15330066917.998247,USD,20.96803877062757,1.6301,USD,13.3509491690425,3.0511,Utilities,Buy
UDR,"UDR, Inc.",45.68,USD,-0.7388092133854919,2090707,0.7393403721139583,15178479801,USD,113.04132640435536,0.4041,USD,-69.79820627802691,3.67232,Finance,Buy
DLTR,"Dollar Tree, Inc.",70.55,USD,-1.0380137466685497,3268714,0.6672689011318189,15167694717.36779,USD,,-4.8884,USD,-189.00622701285462,0,Retail trade,Buy
CF,"CF Industries Holdings, Inc.",83.84,USD,-1.2368948050418156,1492682,0.7583741607269605,15125765213.282133,USD,14.926914380330087,5.6167,USD,-53.517606653701336,2.23819,Process industries,Neutral
NWS,News Corporation,27.63,USD,-1.6725978647686917,617145,0.7142202443239776,15125562418.435942,USD,59.57309184993532,0.4638,USD,80.39673278879813,0.711744,Consumer services,
AKAM,"Akamai Technologies, Inc.",99.64,USD,-2.1602513747054233,1141704,0.8479163996126795,15098027388.383738,USD,24.70188660534993,4.0337,USD,36.315095806157274,0,Technology services,Buy
RVTY,"Revvity, Inc.",122.09,USD,-2.2810949255642665,562641,0.7974191353890961,15058178982.140467,USD,68.8102350222623,1.7743,USD,-72.38099685563961,0.224108,Health technology,Buy
MRO,Marathon Oil Corporation,26.74,USD,-3.045685279187817,5301189,0.7956793017315772,14957912686.091372,USD,10.4453125,2.56,USD,-19.23271075214538,1.59536,Energy minerals,Buy
SNA,Snap-On Incorporated,283.62,USD,-0.2777680109700856,288716,0.9970724921666632,14941854898.748775,USD,14.745379396397098,19.2345,USD,6.626125327065499,2.61594,Consumer durables,Neutral
DPZ,Domino's Pizza Inc,425.92,USD,-0.1453556524593249,402312,0.6318223550079263,14897130529.850046,USD,26.190154095901025,16.2626,USD,22.875708349074422,1.27538,Consumer services,Buy
CPB,Campbell Soup Company,49.49,USD,-0.3222557905337293,1538452,0.5967625253248937,14753261246.175026,USD,26.11885159383576,1.8948,USD,-33.613622030691616,2.98087,Consumer non-durables,Neutral
NDSN,Nordson Corporation,255.59,USD,-0.9033808933002528,142235,0.78314095491055,14615028013.167456,USD,31.133063730267004,8.2096,USD,-5.445498940385141,1.09336,Producer manufacturing,Neutral
TRMB,Trimble Inc.,59.12,USD,1.0252904989746998,1751581,1.2808397357124237,14437554079.792206,USD,9.655397680875387,6.123,USD,341.61557879552834,0,Technology services,Buy
UHS,"Universal Health Services, Inc.",241.24,USD,-0.11593242795627737,354695,0.6284336668017928,14344508658.966213,USD,17.695168376964887,13.6331,USD,41.567584967965026,0.331236,Health services,Buy
CE,Celanese Corporation,130.03,USD,-1.9085697042848528,624384,0.534447038570535,14207621459.981441,USD,7.3947907188353055,17.584,USD,51.30967542078271,2.11225,Process industries,Neutral
EVRG,"Evergy, Inc.",61.75,USD,0.06481931615621317,1967849,1.0777591711308379,14199933154.26592,USD,19.230170346610194,3.2111,USD,-2.2734189542881484,4.16464,Utilities,Buy
POOL,Pool Corporation,366.07,USD,-1.5702723777258023,236478,0.9439361528448652,14005080849.193861,USD,30.833698325528115,11.8724,USD,-21.28934737065422,1.23686,Distribution services,Buy
AES,The AES Corporation,19.53,USD,2.197802197802207,8380691,0.7247559496930431,13884352342.417583,USD,18.63016312124392,1.0483,USD,,3.57614,Utilities,Strong buy
DVA,DaVita Inc.,164.11,USD,1.5720740236430157,658319,0.6913401719741745,13768829874.53556,USD,17.465013568882032,9.3965,USD,92.29116359022635,0,Health services,Neutral
CPT,Camden Property Trust,126.16,USD,-0.27665797170184847,680065,0.4701322749731653,13490379870,USD,34.68602221489058,3.6372,USD,89.69437780327527,3.20923,Finance,Buy
VTRS,Viatris Inc.,11.27,USD,-1.5720524017467226,19555058,1.6191050282952149,13450975899.169432,USD,,-0.5432,USD,-135.63135454247293,4.19214,Health technology,Neutral
BG,Bunge Limited,94.72,USD,-2.410879868122814,1569143,0.9356768560878866,13417227280.168142,USD,10.734360834088848,8.824,USD,-31.816776905483092,2.76633,Process industries,Buy
REG,Regency Centers Corporation,72.4,USD,-0.17923617813318,736104,0.5819898790762691,13243702514,USD,34.77091537796562,2.0822,USD,-2.6872926111137128,3.66745,Finance,Buy
HST,"Host Hotels & Resorts, Inc.",18.21,USD,-2.5160599571734417,6528099,0.7479007884322032,13121586301,USD,17.164671505325668,1.0609,USD,0.12268780671950327,4.17559,Finance,Buy
BXP,"BXP, Inc.",80.8,USD,-2.0487331797793646,1105649,0.8199474221635108,13027955657,USD,75.92557789889118,1.0642,USD,-74.82792061877616,4.75209,Finance,Buy
EMN,Eastman Chemical Company,110.33,USD,-0.22608066558147946,600894,0.5537695410993444,12893207852.180866,USD,14.823921426364087,7.4427,USD,26.939214081047897,2.91192,Process industries,Buy
JBL,Jabil Inc.,113.43,USD,0.5050505050505116,1972780,0.9999731857675326,12868088885.242424,USD,10.321764609532824,10.9894,USD,54.68224364839187,0.283537,Producer manufacturing,Buy
FFIV,"F5, Inc.",219.65,USD,-1.7665474060822848,685049,0.8508230161344249,12802179908.126566,USD,23.613709174568363,9.3018,USD,68.93933890301489,0,Technology services,Neutral
JNPR,"Juniper Networks, Inc.",38.85,USD,0.1030662200463776,2329942,0.4482238715817799,12788001753.772223,USD,54.10863509749304,0.718,USD,-42.58755797217336,2.26746,Technology services,Neutral
CHRW,"C.H. Robinson Worldwide, Inc.",108.02,USD,-0.7807476807201328,1115010,0.5845510978793463,12668935217.887203,USD,38.95701096364685,2.7728,USD,-36.172367754707416,2.24121,Transportation,Neutral
SJM,The J.M. Smucker Company,118.24,USD,0.6897726305032684,746140,0.6973455466158591,12581471424.002726,USD,16.684304844149064,7.0869,USD,,3.62769,Consumer non-durables,Neutral
AOS,A.O. Smith Corporation,85.84,USD,0.11663167716352756,805800,0.848416110935513,12519448547.511082,USD,22.193495010083254,3.8678,USD,116.67133493921911,1.49289,Producer manufacturing,Neutral
ALLE,Allegion plc,143.39,USD,-0.31284760845384946,500390,0.7025539835915828,12493295398.975597,USD,22.782014617095648,6.294,USD,7.833059210526305,1.2931,Producer manufacturing,Neutral
JKHY,"Jack Henry & Associates, Inc.",170.28,USD,-1.9745552933049373,783099,2.2084670325734495,12414828795.080997,USD,32.567035152813375,5.2286,USD,4.238437001594899,1.23194,Technology services,Neutral
INCY,Incyte Corporation,63.22,USD,-0.7535321821036169,1579992,0.6268190490003991,12176048090.78493,USD,178.13468582699352,0.3549,USD,-78.19890656674244,0,Health technology,Buy
SOLV,Solventum Corporation,69.22,USD,-1.1707595659623178,772478,0.5564462550892871,11955026957.178753,USD,,,,,0,Health services,Neutral
TECH,Bio-Techne Corp,74.95,USD,-3.190390080082665,674423,0.7100402521399183,11890479385.66068,USD,71.74995213478844,1.0446,USD,-40.7016348773842,0.41333,Health technology,Buy
RL,Ralph Lauren Corporation,189.31,USD,-0.682020880331573,657154,0.8531933437432285,11729288261.592466,USD,18.25272860503683,10.3716,USD,32.62576404695533,1.61324,Consumer non-durables,Buy
KMX,CarMax Inc,74.49,USD,-2.6274509803921635,3611920,1.6968301505396974,11626320909.549412,USD,29.261106964685546,2.5457,USD,-12.162721689324409,0,Retail trade,Buy
TFX,Teleflex Incorporated,245.02,USD,-0.3578690524603479,481397,1.63828464335097,11544726833.832697,USD,43.992387245044526,5.5696,USD,-28.553652748380472,0.55307,Health technology,Buy
IPG,"Interpublic Group of Companies, Inc. (The)",30.72,USD,-1.6015374759769379,3145629,0.7482294591368461,11538142246.047403,USD,11.391278552358349,2.6968,USD,12.039883672621523,4.09994,Commercial services,Neutral
TAP,Molson Coors Beverage Company,54.6,USD,-0.01831166453030216,1842067,0.906769427505215,11321630515.297564,USD,10.014673514306677,5.452,USD,3033.333333333333,3.16792,Consumer non-durables,Neutral
MGM,MGM Resorts International,37.18,USD,-0.45515394912985735,3809414,0.6412503052299162,11294157518.667736,USD,14.043967666389664,2.6474,USD,157.55423679346242,0,Consumer services,Buy
EPAM,"EPAM Systems, Inc.",196.18,USD,-2.01778044151433,613684,0.7682134359614129,11169581229.14584,USD,28.131004617281828,6.9738,USD,-22.467675408851882,0,Technology services,Buy
CTLT,"Catalent, Inc.",59.86,USD,-0.46558031260392607,1601726,0.8310701994126203,10862416932.698372,USD,,-5.7545,USD,-348.9389920424403,0,Health technology,Neutral
BEN,"Franklin Resources, Inc.",20.61,USD,-2.0437262357414436,4132496,0.8637295000162399,10778997762.590303,USD,12.697923726202944,1.6231,USD,1.418395401149709,5.84601,Finance,Sell
TPR,"Tapestry, Inc.",45.73,USD,0.7268722466960315,2864609,1.1020483315500027,10527993805.620705,USD,13.051916545366327,3.5037,USD,-9.656541694600595,3.0837,Retail trade,Buy
LKQ,LKQ Corporation,39.08,USD,-2.71346776201146,2123804,0.7739505033383705,10288046863.520039,USD,14.221251819505094,2.748,USD,-26.331027826926164,2.9873,Consumer durables,Buy
AIZ,"Assurant, Inc.",196.54,USD,-0.39024884699204815,236536,0.6850814007709976,10179446182.258984,USD,13.096031344118979,15.0076,USD,133.86159288174153,1.4495,Finance,Buy
ALB,Albemarle Corporation,86.58,USD,-4.28918859164271,2170517,0.7164662188906152,10176027266.069424,USD,,-4.7286,USD,-114.22336390407064,1.76874,Process industries,Buy
PNW,Pinnacle West Capital Corporation,88.95,USD,-0.3249663827879785,1299921,1.1758597957063674,10105743682.530256,USD,16.455766455766454,5.4054,USD,51.27616702115751,3.94442,Utilities,Buy
HII,"Huntington Ingalls Industries, Inc.",257.02,USD,-0.11658635162444092,390107,0.6931751811134209,10079098452.955229,USD,13.631469803605427,18.8549,USD,44.9473789408138,2.02083,Electronic technology,Buy